order_id,customer_id,order_date,shipping_address
1,115,2024-10-17,"66692 Miranda Green, East Shannonstad, MH 68824"
2,440,2024-06-29,"718 Martha Springs, Michaelmouth, HI 40918"
3,311,2023-08-02,"9661 Rasmussen Loop, Dillonview, NM 89091"
4,193,2024-06-02,"6819 Grant Lights, Halefurt, SC 05125"
5,225,2023-06-26,"10406 Melanie Mission Apt. 316, Michaelton, MP 22439"
6,114,2023-11-29,"USS Barton, FPO AP 52566"
7,118,2024-11-16,"535 Bryant Haven, South Kelly, HI 12705"
8,302,2024-05-29,"6726 Douglas Squares, West Hunter, IL 79046"
9,427,2025-02-17,"3997 Christopher Circles Apt. 899, Thompsonhaven, AK 63913"
10,72,2025-04-07,"9947 Darrell Oval Apt. 123, West Edwardton, AR 51216"
11,217,2024-08-06,"PSC 3208, Box 0408, APO AP 33059"
12,216,2024-10-15,"81746 Young Village, Greenland, AR 26954"
13,482,2023-08-14,"353 Krueger Forges, South Stephanieshire, FM 96897"
14,433,2024-02-03,"69316 Dillon Prairie Suite 621, Williamstown, IA 90439"
15,95,2023-09-04,"32501 Griffin Forge, Mandyfort, SC 16358"
16,13,2023-12-05,"69422 Joseph Spur Apt. 792, Hickmanhaven, TX 36731"
17,55,2024-12-27,"9191 Kim Via, Port Amanda, NC 53631"
18,287,2023-11-09,"32787 Luna Way Suite 494, North Luis, MD 48453"
19,448,2023-11-20,"780 Hernandez Oval, Port Matthew, OR 93275"
20,95,2024-07-16,"457 Patricia Lane, West Deborah, AR 37564"
21,194,2023-07-01,"90224 Dana Lakes, Wilsonport, VI 83907"
22,450,2023-09-12,"PSC 8246, Box 3629, APO AA 15680"
23,110,2025-05-24,"44569 Troy Streets, Antoniobury, HI 36850"
24,439,2024-04-22,"308 Alyssa Path, Smithtown, MN 15748"
25,260,2023-11-04,"57985 James Cove, East Richard, IL 44972"
26,148,2024-03-03,"PSC 0653, Box 9593, APO AP 55877"
27,405,2025-01-28,"USS Johnson, FPO AE 89091"
28,289,2025-01-05,"810 Emily Pines Suite 532, Lake Joshua, NE 55845"
29,117,2024-03-16,"268 Kennedy Square, Griffithtown, IA 10078"
30,141,2024-08-06,"3487 Larson Trace Suite 418, Lake Jonathanmouth, NV 64574"
31,23,2024-12-07,"86354 Acosta Harbors, East Philip, CA 02347"
32,82,2023-12-01,"11629 Brown Orchard, Ballardtown, RI 60901"
33,225,2024-12-20,"76952 Kristin Ways Suite 778, Robertland, RI 47386"
34,17,2024-08-14,"1662 Taylor Stravenue, Jenniferport, ND 43347"
35,131,2025-01-18,"8382 Wallace Coves Suite 274, Freemanport, AK 37094"
36,473,2024-08-28,"3311 Cervantes Plain, Ianmouth, SC 45011"
37,328,2023-12-30,"231 Brown Mountain Apt. 725, East Craig, MN 44374"
38,189,2024-08-28,"9793 Reed Lodge Apt. 326, Robertville, UT 73359"
39,131,2025-05-31,"17524 Gerald Inlet Apt. 115, Mathisshire, CT 34907"
40,494,2024-11-23,"201 Daniel Mountain Apt. 040, Bentonton, WY 64116"
41,93,2024-11-18,"4492 James Harbor Suite 631, Hernandezburgh, PR 05902"
42,256,2023-11-23,"3012 Diaz Mission Apt. 235, Floresview, VT 09096"
43,212,2024-12-22,"740 Becker Lock, North Kayla, IL 06414"
44,104,2024-09-12,"5626 Shane Island, West Michelle, DE 96436"
45,269,2025-02-15,"22200 Tucker Courts Apt. 401, Port Michaelport, IA 06645"
46,194,2024-03-21,"507 Case Hollow, East Erinview, HI 31310"
47,247,2023-10-06,"590 Howard Vista, Holtborough, NJ 73765"
48,373,2025-05-02,"39908 Silva Harbor Apt. 828, Longhaven, DE 74462"
49,78,2023-06-22,"288 Stein Lock Suite 978, South Gabrielashire, MN 38931"
50,490,2023-12-05,"522 Campbell Lights Apt. 116, Lake Jasonmouth, VT 51371"
51,494,2025-02-13,"USNV Reed, FPO AA 98530"
52,182,2023-12-02,"69566 Larsen Spurs Apt. 187, Coleberg, MI 40995"
53,146,2025-03-07,"81111 Cynthia Port, New Cherylberg, LA 73972"
54,385,2023-09-02,"93816 Roberts Causeway Apt. 015, Martinezfort, NC 63513"
55,477,2023-12-04,"891 Bauer Fields Suite 229, North Kenneth, MA 62014"
56,138,2023-11-04,"1146 Kelley Harbor, West Dianeburgh, WV 64875"
57,490,2023-11-25,"40715 Burgess Drive, South Cassidytown, GU 87778"
58,111,2024-10-01,"60877 Jackson Run Suite 246, North Wendy, ID 55682"
59,340,2025-03-28,"60646 Tyler Estates, Reidhaven, VA 69291"
60,24,2024-06-19,"644 Jackson Crossing Suite 731, Tylerville, NH 89166"
61,29,2024-11-23,"853 Cassandra Mount, West Colleen, NC 32227"
62,235,2024-03-03,"65264 Kenneth Haven, Morganfurt, NY 16833"
63,35,2024-12-22,"4566 Willie Fords Suite 663, Cordovaport, MH 29317"
64,459,2023-06-18,"7069 Flores Loaf, West Matthew, NE 78267"
65,495,2025-04-25,"67705 Jesse Hill Apt. 385, Ericfurt, KS 09338"
66,129,2023-10-12,"64266 Rogers Points, North Gregory, TX 88072"
67,437,2024-10-29,"526 Phillip Villages Apt. 455, North Kristina, FM 35615"
68,147,2024-10-17,"253 Ryan Radial, Hinesstad, OH 28434"
69,358,2025-04-12,"821 Schaefer Valley, New Jason, GU 64677"
70,208,2025-05-01,"540 Delgado Junctions Suite 913, Johnburgh, VT 97009"
71,150,2024-09-16,"53679 Nicole Course, Harmontown, ME 84602"
72,495,2023-10-04,"34695 Bird Spring Apt. 699, New Nicholas, DE 27330"
73,402,2025-02-09,"21392 Patrick Square, Andrewborough, AZ 54985"
74,314,2024-06-12,"036 Brittany Shores, Moralesmouth, MH 74181"
75,183,2024-12-26,"PSC 3601, Box 8608, APO AE 03370"
76,115,2023-06-07,"92884 Chris Courts Apt. 296, East Kimberlyside, MN 79042"
77,80,2024-01-28,"1454 Lee Squares, West Johnborough, MS 77970"
78,286,2024-03-19,"701 Beck Key, Lake Brendamouth, OK 54080"
79,78,2023-12-02,"38845 Hughes Alley, Nancyborough, NC 67907"
80,471,2024-06-04,"893 Julie Plains, Port Deannaview, NV 99873"
81,84,2024-06-28,"67908 Hernandez Junctions Suite 818, Alecville, ID 10306"
82,39,2025-04-25,"27756 Hamilton Harbors, Mcconnellburgh, OK 57778"
83,412,2024-11-12,"4918 Eric Spurs Apt. 599, Rossville, WV 79892"
84,287,2024-09-12,"5763 Coleman Vista Apt. 119, Jenniferfort, PW 02215"
85,337,2023-08-04,"5424 Allen Inlet, Port Calebstad, NJ 65963"
86,95,2024-10-22,"37658 Ward Summit Apt. 321, North Christinaborough, LA 94925"
87,52,2025-03-11,"071 Brian Mission, North Kathrynberg, TX 10501"
88,386,2024-05-20,"73498 Michael River Apt. 573, New Erin, NM 94243"
89,148,2024-06-17,"9060 Kaitlyn Plain Suite 398, Thomaschester, UT 35718"
90,450,2024-01-13,"51883 Autumn Turnpike Suite 945, Wigginstown, PR 74193"
91,404,2023-08-29,"252 Andrew Route, Valenzuelaland, AR 24172"
92,258,2024-08-27,"462 Anderson Tunnel Apt. 581, Crystaltown, ME 71815"
93,374,2023-12-22,"474 Juan Square Suite 971, South Alexastad, GA 32457"
94,306,2023-08-14,"596 James Shoal, Obrienbury, WI 43103"
95,126,2025-01-11,"71026 Jeremy Port, East Julieside, HI 59395"
96,407,2025-04-10,"84940 Tara Greens, New Alan, NH 06162"
97,176,2024-05-16,"666 Sheila Lane, Salazarborough, MA 27028"
98,186,2024-04-21,"289 Mcmillan Ways Suite 644, Donovanmouth, FL 28329"
99,33,2025-02-07,"18086 Andrew Terrace, Pughmouth, ME 70131"
100,341,2025-02-02,"1312 Baker Orchard Suite 524, South Cameron, AS 22705"
101,388,2024-04-26,"6517 Stephanie Terrace, Masonside, ID 86836"
102,370,2023-11-17,"PSC 2430, Box 1421, APO AE 52366"
103,101,2024-05-26,"2583 Mary Plains, Buckleymouth, NC 75094"
104,90,2024-10-18,"461 Linda Field Suite 128, Lake April, NY 90489"
105,60,2025-02-20,"93714 Gonzalez Port, East Rhonda, OR 17602"
106,145,2024-07-02,"636 Baldwin Forks Suite 793, Philliphaven, IA 81985"
107,289,2023-11-18,"PSC 1280, Box 4494, APO AE 78718"
108,431,2024-08-16,"PSC 5123, Box 3315, APO AE 40011"
109,457,2024-12-03,"4914 Lauren Mill Suite 988, South Terri, KS 18471"
110,184,2024-04-12,"USS Aguilar, FPO AP 61361"
111,54,2024-09-09,"66766 Mary Stream, Castroport, MI 20467"
112,320,2024-02-07,"803 John Turnpike, New Amanda, ME 16949"
113,83,2024-07-17,"754 Erin Skyway Suite 102, Archermouth, ME 23623"
114,453,2024-01-01,"99680 George Square, North Brian, ND 40658"
115,352,2024-07-31,"169 Matthew Skyway Apt. 790, Wallacemouth, CA 01103"
116,480,2024-05-18,"2725 Mcknight Ports Suite 512, Davidshire, NJ 21372"
117,101,2024-05-27,"8128 Christina Burgs Apt. 923, Emilystad, MH 51747"
118,431,2023-11-06,"24166 Ryan Greens Apt. 441, Mortonside, ND 37585"
119,36,2024-06-01,"74398 Rios Route Apt. 653, Port Monicaport, DC 78818"
120,345,2023-10-10,"00219 Adrian Curve Apt. 227, North Sarahmouth, NH 66118"
121,460,2025-04-08,"USNS Fleming, FPO AE 13677"
122,436,2023-09-18,"7486 Jesse Land Suite 624, West Vincent, ND 05637"
123,437,2025-04-18,"261 Gloria Trail Suite 287, West James, AZ 91654"
124,272,2024-10-26,"7271 Timothy Mission Suite 052, Tammymouth, RI 75259"
125,284,2025-02-04,"3208 Sara Locks Suite 018, West Eric, ND 83574"
126,386,2024-10-08,"9498 Sims Stream, Port Bradleymouth, ME 74742"
127,375,2023-12-22,"7750 Greene Light Apt. 012, North Patricia, WA 87388"
128,487,2024-01-20,"391 Kristine Dam Apt. 285, Barrerabury, PA 45632"
129,168,2023-06-13,"Unit 8115 Box 3685, DPO AA 31470"
130,244,2024-06-02,"204 Holly Drive Suite 588, Knappport, OK 59979"
131,328,2024-02-04,"7225 Brown Hill Suite 765, Port David, AL 00980"
132,218,2025-06-02,"524 Lewis Centers Apt. 663, Port Mariafurt, KS 28605"
133,428,2023-09-30,"44599 Greene Villages, Port Edwardchester, DC 45973"
134,338,2024-04-22,"2416 Tyler Glen Apt. 507, Gordonchester, MI 55015"
135,197,2024-02-14,"962 Wilkerson Mission Apt. 379, North Amandaport, KY 77110"
136,252,2024-05-09,"672 Daugherty Wells, New David, AR 68098"
137,344,2023-11-11,"347 Eric Squares, Rachaelshire, CO 04304"
138,67,2023-10-16,"PSC 7962, Box 3516, APO AP 60889"
139,430,2024-07-14,"Unit 5494 Box 1240, DPO AA 53169"
140,385,2025-05-20,"862 Pam Streets, Michaelfurt, MI 18043"
141,455,2025-06-02,"53197 Mike View, Danielstad, WY 09396"
142,320,2025-04-19,"2535 Myers Divide Apt. 248, Camposburgh, IA 82669"
143,52,2023-06-18,"82564 Camacho Field Suite 327, Hortonberg, MA 25566"
144,335,2025-04-09,"610 Michael Turnpike Suite 710, Guerrerostad, WV 34404"
145,213,2024-08-12,"0616 Marks Hollow, New Jeremyfort, PR 16676"
146,124,2024-03-30,"689 Ronald Port Apt. 273, Lake Alexanderstad, MO 83598"
147,496,2024-06-22,"78890 Wood Gardens Apt. 888, West Charles, ME 62538"
148,241,2023-12-29,"PSC 5094, Box 4209, APO AA 58446"
149,21,2023-12-30,"421 Perkins Drives, North Teresaview, IA 17669"
150,162,2025-02-09,"28008 Maldonado Harbors Apt. 821, Nicoleberg, NM 18541"
151,442,2024-03-14,"925 Michael Grove, Breannachester, OK 81850"
152,285,2024-12-01,"803 Fox Meadow, Port Shellymouth, CO 03357"
153,58,2025-04-28,"617 Anna Ports, Tammyberg, TN 26830"
154,138,2024-02-01,"40021 Gail Walk, South Tommyberg, PR 27968"
155,52,2024-11-01,"PSC 8526, Box 0771, APO AP 58602"
156,212,2024-05-03,"64886 Cain Loaf, Thomasbury, OR 05336"
157,206,2025-01-28,"24934 Roberts Haven, Alexisstad, TN 12160"
158,477,2024-07-28,"5084 Jeremy Meadows, Manuelland, MN 80792"
159,399,2023-07-22,"600 Monroe Route Suite 505, Jeffreyhaven, MT 54445"
160,483,2024-09-01,"113 Adam Summit, Harperview, LA 29480"
161,197,2023-07-01,"7876 Lester Mews, North Malloryhaven, CA 08230"
162,4,2025-05-10,"56615 Andrew Pike, Sullivantown, CA 64517"
163,156,2024-10-17,"6616 Fowler Turnpike, Beckytown, TN 15526"
164,148,2023-12-04,"51222 Roth Islands, Goodmanmouth, VT 30765"
165,287,2024-08-15,"3469 Michelle Way, Powellport, WI 20178"
166,28,2024-01-16,"790 Sellers Knolls, East Alyssa, PR 45476"
167,420,2024-07-03,"PSC 1378, Box 6616, APO AP 90914"
168,262,2024-06-09,"96724 Crystal Parks, Wagnerbury, MS 25386"
169,96,2025-05-17,"8443 Anderson Flats Apt. 933, Guzmanfurt, RI 03882"
170,82,2023-12-29,"308 Dylan Stravenue, Rickside, DE 56662"
171,242,2023-09-12,"Unit 5335 Box 2208, DPO AE 19584"
172,103,2024-11-28,"78241 Morgan Pines Suite 886, West Desiree, NE 32949"
173,325,2023-08-02,"306 Trevino Hill Apt. 221, South Geoffreyburgh, DE 24038"
174,300,2024-09-01,"991 Morgan Place Suite 886, Phillipsport, AL 27715"
175,413,2024-08-05,"00794 Kara Locks Apt. 144, Port Taylorville, PA 05393"
176,286,2025-03-22,"769 Steven Shoal, Bernardfort, MH 56304"
177,188,2023-09-12,"USCGC Long, FPO AE 17036"
178,321,2025-01-19,"534 Davidson Highway, Port Andrew, VT 81012"
179,123,2024-10-22,"083 Davis Roads, Port Lorihaven, PR 07944"
180,147,2024-02-26,"34035 Russell Green Suite 129, Johnsonchester, IL 46755"
181,355,2024-12-15,"USNV Frank, FPO AE 86021"
182,127,2023-06-08,"6526 Traci Rue, East Randy, UT 95099"
183,83,2024-02-17,"Unit 2391 Box 1928, DPO AE 16922"
184,347,2023-10-31,"6630 Eric Burg, Lake Nicoleborough, NY 35267"
185,88,2024-12-15,"66591 Lee Mill, South James, ME 85551"
186,26,2023-12-24,"341 David Green Apt. 820, Kelleychester, NC 47233"
187,203,2023-09-06,"USNV Gonzalez, FPO AE 82850"
188,353,2025-02-25,"1813 Miller Extension Suite 839, South Seanfort, DC 84799"
189,359,2024-02-27,"8234 Amanda Plain Apt. 435, New Beth, KS 03870"
190,186,2024-12-17,"2591 Price River Suite 815, West Barbara, MO 39915"
191,488,2024-07-30,"701 Johnathan Estate, Bryantside, TN 74650"
192,349,2024-03-21,"51560 Smith Crescent, Port Gail, NE 80852"
193,146,2025-01-31,"8010 Yvonne Manors Apt. 497, Brandonburgh, MT 87022"
194,395,2024-05-20,"3513 Christopher Mill, Johnsonburgh, RI 43315"
195,32,2025-03-17,"01854 Erin Springs, Lake Jason, DE 15115"
196,303,2025-03-05,"80948 Evans Locks, South Brady, OR 79491"
197,223,2025-01-24,"11873 Barton Streets, Bradfordview, PR 22768"
198,263,2023-10-02,"174 Meadows Centers Suite 444, South Peterfort, AZ 33197"
199,244,2023-10-08,"89434 Andrew Port Suite 394, Benjaminbury, KS 10330"
200,75,2025-02-16,"33683 Christopher Camp, West Donnamouth, ND 70981"
201,207,2024-12-11,"566 Harrington Fords, Port Danielborough, KY 22876"
202,18,2023-06-28,"1403 Dominguez Corner, Kinghaven, AS 69606"
203,495,2024-12-19,"809 Allen Alley Suite 457, West Michael, IL 55345"
204,19,2024-09-27,"Unit 4687 Box 4241, DPO AA 78253"
205,72,2023-10-19,"155 Brad Crossing Apt. 337, South Wanda, NV 08829"
206,190,2024-09-23,"8135 David Trail, West Carolyn, ID 59771"
207,78,2023-06-22,"834 Perez Turnpike, North Christinemouth, DC 58657"
208,149,2024-10-14,"39700 Hayes Course, Lake Dawnview, MD 10884"
209,207,2023-10-05,"79797 Edward Summit, Port Charleshaven, UT 97396"
210,63,2024-08-09,"PSC 0117, Box 5824, APO AA 40481"
211,1,2024-08-25,"33185 Blackwell Grove Suite 065, Henryview, ND 39061"
212,186,2024-06-10,"25591 Roberto Club Suite 101, Grayshire, MN 36568"
213,221,2024-06-26,"469 Emily Hills, West Daniel, GU 26855"
214,51,2024-08-23,"733 Susan Wall, Lake Amberfurt, MD 36232"
215,184,2023-07-20,"5041 White Summit Apt. 605, Lake Virginiatown, NH 84137"
216,183,2023-11-09,"5280 Martin Station, Port Michele, PW 81582"
217,44,2025-05-20,"62285 Moody Turnpike Suite 002, New Christopher, MH 08235"
218,187,2025-01-04,"72743 Mann Plaza Suite 516, Port Timothychester, VA 26607"
219,21,2024-08-09,"1764 John Overpass Apt. 335, Lake Matthew, NH 07671"
220,304,2024-05-09,"99060 Tran Corner Apt. 991, Andreastad, KY 85763"
221,17,2023-10-21,"190 Robin Court Apt. 097, Knightton, AK 52851"
222,377,2024-07-15,"585 Peter Ferry, Cuevasfort, NH 43319"
223,282,2024-12-02,"95987 Schneider Ferry Apt. 641, West Robert, FL 26221"
224,497,2023-11-16,"5035 Kimberly Cape, Vasquezhaven, MA 07729"
225,88,2024-09-19,"538 Butler Roads, New Ryan, NV 42620"
226,76,2023-08-11,"119 Cathy Ramp Apt. 987, East Katherine, NM 97176"
227,74,2023-12-10,"60496 Johnson Oval Suite 263, Port Laurenburgh, GA 78822"
228,151,2025-05-11,"974 Walker Vista Apt. 762, South Brandonburgh, PA 83442"
229,274,2025-05-07,"6855 Rhodes Station Suite 984, Beverlyton, ID 05347"
230,202,2024-10-08,"7534 Ashley Shores, Andreaburgh, HI 67548"
231,462,2023-11-04,"103 Reed Meadows, Austinburgh, WA 61331"
232,86,2023-09-06,"018 Damon Island Suite 354, Millershire, ND 99608"
233,357,2024-09-07,"975 Jose Crossing Apt. 785, Ambershire, SC 22304"
234,319,2023-06-12,"794 Smith Square, New Justinstad, PW 63665"
235,455,2023-08-21,"7545 Nicholas Turnpike, Kristinland, OH 61237"
236,124,2024-07-30,"701 Davis Meadows Apt. 497, East Adrian, WA 43065"
237,315,2025-03-25,"82533 Turner Glens Suite 920, Pattersonton, NC 76177"
238,9,2025-03-08,"9379 Lyons Heights Suite 559, Whitneybury, IL 15351"
239,299,2023-08-19,"687 Jessica Parkways, West Bryanberg, VI 81960"
240,315,2023-11-04,"0074 Amanda Ways, South Grace, OK 43021"
241,247,2023-08-17,"520 Susan Lane Suite 509, Port Lauren, CA 41615"
242,346,2025-04-19,"051 Santos Village Suite 446, Lake Nicoleshire, AR 83726"
243,132,2024-10-06,"4689 Rebekah Key, West Robert, IN 68110"
244,185,2025-04-03,"45224 Cameron Mills Apt. 308, Jamiestad, NE 90753"
245,73,2025-02-13,"051 Joshua Field Apt. 565, East Thomashaven, LA 54031"
246,254,2025-04-13,"724 Williams Trace, West Ryan, MA 96421"
247,492,2024-09-03,"3127 Hart Ports Apt. 307, South Jamesstad, AL 68639"
248,406,2023-10-28,"005 Jordan Junction Suite 782, Berryhaven, MN 50312"
249,367,2025-05-27,"PSC 0279, Box 8696, APO AE 57744"
250,146,2024-12-08,"9707 Morgan Forest Apt. 776, Lake Amandashire, VI 34166"
251,98,2024-02-20,"PSC 9040, Box 3513, APO AP 17871"
252,114,2024-03-25,"7787 Daniel Locks Suite 173, Crystalshire, LA 40981"
253,231,2024-06-15,"72379 Parker Mountains, South Angela, PA 75552"
254,267,2023-11-08,"87737 Edward Islands Apt. 582, Vazquezberg, MH 93527"
255,52,2024-02-13,"4768 Porter Curve, West David, AR 16714"
256,301,2024-05-11,"47470 Doyle Cove Suite 535, South Kristen, PR 22956"
257,133,2024-05-25,"25462 Sims Mills Apt. 700, Michaelburgh, KS 85784"
258,113,2023-09-23,"76308 Lee Manor Suite 199, Janethaven, ID 08089"
259,251,2024-12-06,"853 Todd Summit Apt. 074, Saundersmouth, MT 11133"
260,54,2025-04-19,"907 Dalton Tunnel, West Robert, NM 06287"
261,24,2024-05-12,"17474 Stephen Valley, Tammyland, WA 72802"
262,164,2024-04-27,"98051 Nicholas Stream, Schultzburgh, VI 69472"
263,38,2023-07-09,"3840 Wanda Mills, Dennisview, NY 77869"
264,36,2023-11-26,"6537 Knox Villages Suite 529, East Lisaland, WA 02148"
265,450,2025-03-29,"873 Tanya Walks, West Samantha, NM 07199"
266,248,2023-07-26,"5376 Dylan Ports Apt. 398, South Bradview, IN 63496"
267,448,2023-12-31,"52169 Ramirez Crest Apt. 748, Hancockview, PR 87976"
268,302,2024-01-16,"USS Perkins, FPO AP 46997"
269,192,2023-09-01,"9844 Fields Estate Apt. 741, Amandaland, MI 09457"
270,13,2023-06-10,"0298 Evans Parkway Apt. 623, New Jonathan, GA 34360"
271,242,2024-12-24,"Unit 6046 Box 9636, DPO AA 37615"
272,203,2025-02-27,"51615 Candice Road, South Sandra, LA 66799"
273,32,2023-08-30,"PSC 0491, Box 9779, APO AE 27510"
274,13,2024-09-24,"171 Allison Motorway, North Brookeburgh, IL 43595"
275,157,2024-10-22,"Unit 2545 Box 0191, DPO AP 60133"
276,317,2023-08-21,"86163 George Pike, New Edward, AR 29175"
277,67,2025-05-04,"43072 Gibson Mission Suite 844, South Markfort, NE 36249"
278,344,2023-07-09,"2328 Taylor Flat, Hernandezville, IN 03596"
279,303,2024-04-07,"465 Mark Cliffs Suite 901, Smithhaven, MP 16906"
280,379,2023-06-06,"USNV Lopez, FPO AA 45969"
281,500,2024-06-10,"Unit 2957 Box 3572, DPO AA 04896"
282,298,2023-11-08,"696 Heather Station Apt. 494, Hernandezburgh, UT 28753"
283,492,2024-08-19,"75279 Davis Squares, Espinozaberg, SC 80757"
284,330,2023-08-19,"398 Molly Camp, Lorifurt, PA 27206"
285,26,2023-10-20,"80143 Sarah Rapids, East Elizabethstad, SD 74347"
286,469,2023-06-12,"492 Danielle Fork, North Cassie, SD 72098"
287,383,2023-09-27,"59888 Herman Ports Apt. 531, North Lisahaven, CO 05914"
288,355,2023-08-28,"PSC 8253, Box 6005, APO AE 69907"
289,201,2023-09-21,"35135 Bennett Plaza, East Janet, KY 22189"
290,142,2023-12-12,"060 Robert Drive, West Ashley, ND 14143"
291,301,2023-07-21,"72674 Nicholas Motorway Apt. 146, North Paulton, AR 73493"
292,127,2023-09-26,"565 William Lodge, Russellland, VT 75615"
293,73,2024-12-23,"728 Yu Fork Suite 573, Josephside, MS 75579"
294,424,2023-12-09,"74242 James Walk, North Michael, MN 93147"
295,470,2024-05-05,"54881 Vincent Neck, Port Courtneymouth, PA 74670"
296,124,2023-08-24,"18484 Fuentes Track, Watkinsburgh, DE 24127"
297,186,2023-10-30,"8384 Howard Plains Apt. 646, Patricktown, MD 52733"
298,106,2023-12-23,"73388 Smith Rue, Lake Tinafort, ID 06577"
299,35,2024-12-08,"Unit 5781 Box 5531, DPO AA 76315"
300,344,2025-02-14,"1146 Jessica Estates Suite 091, Justintown, FM 56474"
301,83,2023-09-07,"USS Vazquez, FPO AE 29197"
302,425,2024-11-26,"288 Peters Green, Houseburgh, CA 33861"
303,168,2024-03-25,"976 Denise Highway, South Melanieville, ID 72320"
304,237,2024-12-28,"0317 Hudson Pines Apt. 144, Thomasfort, WA 40714"
305,219,2024-03-25,"693 Jeffrey Forks Suite 943, West Jonathanton, NH 09407"
306,20,2024-05-03,"556 Carey Valley Apt. 670, New Gabrielleberg, GU 34908"
307,190,2024-10-31,"71658 Amy Crest Suite 234, New Jamesville, ME 43946"
308,159,2025-01-27,"47293 Buchanan Inlet, Ashleyborough, NH 70620"
309,202,2023-11-14,"984 Wilcox Fields, Smithborough, GU 83102"
310,316,2025-03-22,"854 Hughes Islands, Toddton, MS 69828"
311,325,2024-03-22,"PSC 1519, Box 3161, APO AE 98057"
312,302,2024-02-02,"7308 Cisneros Summit Suite 767, New Daniel, MD 36388"
313,431,2023-08-22,"025 Hall Track Apt. 319, Port Paulview, WA 51781"
314,252,2024-11-08,"3687 Jennifer Squares Suite 445, Cruzview, WV 79163"
315,492,2025-05-22,"69814 Wright Mission Apt. 644, Martinezburgh, KY 54835"
316,414,2024-01-27,"616 Hudson Estates Apt. 915, Port Andrewville, PW 55324"
317,100,2023-08-14,"USCGC Houston, FPO AP 94849"
318,482,2023-11-08,"60211 Audrey Light Apt. 833, Lake William, PA 65484"
319,79,2024-09-04,"PSC 3744, Box 9647, APO AA 14656"
320,179,2023-10-25,"901 Barbara Station Suite 477, Coreyport, ME 50943"
321,163,2023-08-13,"959 Garner Mount Suite 640, Bethanychester, WA 45492"
322,91,2024-05-26,"1146 Jay Radial, Brianhaven, OR 45054"
323,99,2024-04-08,"3185 Johnson Glen, Chenhaven, SC 70295"
324,33,2024-07-21,"73631 Ralph Burg, Rileychester, FM 62585"
325,136,2024-08-15,"9478 Tapia Radial Apt. 639, North Patricia, RI 49858"
326,325,2025-05-21,"5420 Nicole Circles Suite 614, Annemouth, GA 39250"
327,389,2023-09-26,"974 Petty Camp, South Cherylberg, GA 29992"
328,135,2023-07-15,"559 Hayes Inlet, East Zacharyport, CO 55618"
329,141,2025-05-20,"32090 Ramos Crossroad, North Laura, NC 01153"
330,86,2024-10-22,"9556 Carter Unions, Danielleborough, FM 59037"
331,12,2025-05-19,"Unit 6513 Box 9324, DPO AP 16848"
332,404,2023-10-11,"1343 Jonathan Plains Apt. 083, Samuelfort, MP 65282"
333,393,2023-09-08,"2553 Brittany Drive, South Zacharyville, MI 12973"
334,489,2023-09-09,"21609 Le Coves Suite 814, New Barbara, ID 59185"
335,327,2025-02-14,"435 Schneider Lakes Apt. 846, East Shannonshire, OR 61438"
336,301,2025-03-09,"85601 Jeffrey Ford Apt. 837, East Kevin, WY 10224"
337,259,2023-12-15,"43444 Johnson Corners, New Robert, VA 72826"
338,369,2025-04-02,"0393 Elizabeth Crest, Debrafurt, CT 34710"
339,123,2023-11-26,"97390 Kelly Prairie Suite 908, Christophershire, MD 39495"
340,79,2024-06-23,"051 Hutchinson Ports Suite 535, Maxwellport, PW 59257"
341,167,2023-06-17,"38990 Carlos Ports Suite 007, New Seanfurt, ND 74941"
342,169,2025-04-04,"10543 Patricia Summit, Amyton, KY 36456"
343,301,2024-01-22,"8705 Wendy Spurs Apt. 622, Snyderville, IA 26556"
344,326,2024-11-21,"2634 Ross Path, North Seanshire, WY 97148"
345,227,2024-06-04,"26182 Christian Wells, Harrisonburgh, RI 74281"
346,40,2024-05-11,"4645 Sweeney Orchard Suite 071, South Christopher, MI 12549"
347,376,2024-02-14,"Unit 8185 Box 4780, DPO AA 67729"
348,67,2024-11-24,"47885 William Shores Apt. 383, Port Thomas, VT 61339"
349,161,2024-05-18,"49371 George Skyway, Theresaburgh, MS 21689"
350,401,2025-04-07,"23433 Richard Hills Apt. 728, Joelside, AS 41942"
351,231,2024-12-28,"310 Emily Curve Suite 898, Medinaburgh, MN 75460"
352,58,2024-09-22,"1603 Underwood Via, Vincentburgh, AK 89282"
353,83,2025-04-09,"445 Bowen Rapids, Sharpmouth, SD 61217"
354,211,2024-02-29,"735 Daugherty Isle Apt. 381, East Rachelfurt, MI 42359"
355,208,2024-07-11,"13108 Kenneth Ville Apt. 779, North Sarahbury, VA 77138"
356,62,2025-02-23,"6127 Kristin Turnpike Suite 273, Moorefurt, AL 74061"
357,92,2025-02-18,"3565 Susan Hills, Annebury, ME 10038"
358,257,2023-11-10,"818 Amy Glens Suite 368, Danielsstad, NE 35836"
359,230,2023-08-12,"79242 David Cove, Kaufmantown, CO 48046"
360,114,2024-05-22,"7115 Garrett Loaf Suite 136, West Heatherfort, CT 82819"
361,173,2024-05-17,"01603 Jessica Ferry Apt. 391, Escobarstad, PR 67566"
362,81,2024-01-18,"47148 Richard Inlet, South Johnmouth, IA 66796"
363,101,2025-03-16,"3058 Hardin Crossing, Shawland, MT 76491"
364,366,2025-02-05,"06556 Angel Ford Apt. 465, Ruizberg, AL 99274"
365,407,2024-07-26,"24167 Church Manors Suite 290, Wilkinsberg, MI 29108"
366,61,2023-11-08,"89701 Brown Expressway Apt. 436, West Michael, VT 02366"
367,467,2024-08-19,"657 Rebecca Harbors Suite 143, Joelport, MI 18128"
368,299,2023-09-30,"65528 Walsh Streets, Lake Shanemouth, WY 25223"
369,425,2023-08-21,"Unit 7493 Box 8867, DPO AP 06585"
370,197,2024-03-06,"33052 Brian Points, Harriston, GU 43779"
371,73,2023-09-06,"7543 Kim Summit Apt. 669, Randallland, KS 98413"
372,249,2024-11-07,"76605 Barber Crest, Melissahaven, NV 80971"
373,468,2023-10-24,"26856 Hernandez Rapid Apt. 257, Vangfurt, AL 79509"
374,410,2024-09-01,"03175 Bianca Parkway, Smithton, MD 88495"
375,373,2023-11-24,"1601 Norris Mountains, New Andrea, TN 61247"
376,233,2023-10-01,"37901 Williams Fords, Willisshire, VT 68545"
377,302,2024-12-02,"9503 Victor Run, North Michelle, NM 15124"
378,272,2024-07-23,"531 Jeffrey Forges, Leefort, VA 59103"
379,102,2023-10-22,"36529 Kathleen Summit, Caitlinside, WY 58693"
380,260,2023-09-25,"492 Andrea Turnpike, Emilyhaven, MP 79749"
381,350,2025-05-26,"3814 Dale Port Apt. 060, Jessicafurt, MT 66202"
382,55,2024-06-20,"55755 Jasmine Via, Hollyfort, AZ 60024"
383,120,2024-02-19,"927 Roman Hollow, Schmidtville, TX 25190"
384,14,2024-02-09,"6706 Alexis Prairie Suite 947, East Michael, AR 96991"
385,122,2025-06-02,"Unit 0818 Box 1300, DPO AA 06180"
386,145,2024-11-11,"0540 Prince Vista Apt. 975, Yolandaburgh, ND 99192"
387,413,2023-08-22,"419 Ashley Manors Suite 599, Rachelview, AL 38813"
388,458,2024-12-02,"183 Williams Heights, Lake Morgan, DE 51190"
389,49,2025-03-05,"6691 Pittman Islands Apt. 074, Lake Wayne, PA 08538"
390,321,2024-05-31,"307 Michael Harbors Suite 035, South Margaret, MD 95026"
391,347,2025-03-24,"794 Price Burgs Apt. 477, Lake Jeffrey, IN 10595"
392,68,2023-09-05,"315 Martin Tunnel Apt. 933, Lake Mary, NJ 05650"
393,414,2025-03-16,"910 Traci Track Apt. 525, North Karina, AR 56607"
394,384,2024-02-18,"2920 Jaclyn Burg Suite 000, Lake Williamfurt, NV 89373"
395,377,2024-08-20,"USNV Reyes, FPO AE 56546"
396,339,2023-06-05,"174 Kristina Stream Apt. 225, East Jasonfort, FM 20988"
397,71,2024-09-07,"175 Michelle Extensions Apt. 869, Christinaside, NM 66852"
398,461,2025-01-29,"77078 Leach Inlet Apt. 662, Riosville, ND 35581"
399,329,2023-06-19,"Unit 2007 Box 3952, DPO AA 09918"
400,16,2025-04-29,"USNS Ramos, FPO AP 36749"
401,222,2025-05-28,"88737 Adams Isle, West Annetteburgh, SD 01904"
402,319,2023-07-30,"56697 Barry Court, Mariaside, CA 37847"
403,304,2024-03-22,"1269 Lyons Junctions Suite 312, Kimberlychester, DE 71508"
404,98,2024-03-29,"73388 Rogers Plain Apt. 394, East Kellyview, IA 68407"
405,42,2024-03-24,"99951 Miller Centers Apt. 495, East Hailey, GA 27438"
406,427,2024-06-10,"066 Eric Curve, Wallacefort, CA 48065"
407,223,2024-10-28,"3614 Angela Crossing, Amandachester, OK 46858"
408,446,2024-10-08,"83960 Tammy Bypass Suite 135, Port Katherinemouth, MN 75306"
409,41,2024-02-23,"12770 Jessica Walk Apt. 337, Hickschester, MI 19387"
410,74,2023-08-25,"16782 Brewer Mission, Kentside, NY 22199"
411,67,2025-04-11,"481 Allison Radial, North Garyfurt, MA 11784"
412,151,2024-11-29,"707 Nicole Meadows, East Prestonland, NV 83051"
413,78,2023-12-31,"2708 Brandon Stravenue, Davidview, HI 97512"
414,134,2024-07-18,"Unit 2908 Box 9874, DPO AP 19471"
415,187,2024-02-07,"37008 Walter Drive, North Rodney, GA 15494"
416,207,2023-11-06,"750 Richard Ville Suite 130, East Johnbury, PW 14763"
417,451,2025-03-19,"796 Ramirez Circles, Leeport, GA 04420"
418,393,2025-05-23,"PSC 6477, Box 6101, APO AE 13272"
419,445,2024-07-17,"9928 Taylor Cliffs, South Clayton, HI 77704"
420,150,2024-03-05,"4972 Shawn Stream, Brewershire, NC 62165"
421,111,2023-10-23,"878 Nicole Villages, Theresaside, TX 83151"
422,184,2024-12-02,"243 Soto Trafficway Suite 131, South Jenniferberg, KY 76703"
423,344,2023-08-16,"9224 Stacy Extension Apt. 833, New Cameron, IL 55252"
424,89,2023-09-25,"2619 Bailey Circles, North Joel, AK 92432"
425,291,2023-09-22,"956 Pamela Extensions, Hannahshire, MS 07941"
426,48,2025-02-17,"79669 Jessica Groves Suite 722, Michaelton, IN 82167"
427,268,2024-09-30,"6611 Hernandez Estates Apt. 491, West Nicholas, UT 11145"
428,283,2023-11-06,"115 Long Freeway Apt. 640, Billyfurt, CO 88721"
429,421,2023-08-24,"571 Green Station, Timothyside, MI 37340"
430,260,2023-06-18,"440 Guerrero Walks, Michaelaberg, NM 38574"
431,58,2024-09-01,"281 Esparza Spring Apt. 261, New Amanda, WA 14220"
432,492,2024-03-04,"4759 Robinson Mount, Jeffreymouth, FM 09417"
433,404,2024-04-23,"009 Aguirre Mills Apt. 961, New Jamesside, SD 93997"
434,285,2024-04-02,"2451 Michael Corners Suite 341, North Jessica, AZ 53592"
435,347,2024-01-16,"929 Douglas Corners, East Elizabethbury, GU 36691"
436,341,2025-03-06,"0566 Welch Divide Apt. 532, Stephanieborough, DE 52617"
437,122,2024-02-27,"485 Lee Inlet, North Kylestad, MO 93795"
438,25,2024-08-14,"2107 Alvin Centers Apt. 945, Port John, WI 98780"
439,271,2025-01-30,"1022 Martinez Spring Suite 097, New Ronaldland, MT 60983"
440,249,2023-10-05,"349 Avery Stravenue Suite 647, New Justinside, MD 03333"
441,276,2023-10-05,"27784 Jacqueline Crest, Julieland, CT 89728"
442,436,2023-11-28,"04581 Cheryl Prairie Suite 467, North Kristin, PR 12679"
443,129,2024-01-18,"796 Calvin Mountain, South Grantshire, MA 32668"
444,426,2023-07-10,"964 Elizabeth Camp Suite 161, Rebeccaland, WY 40164"
445,154,2025-02-19,"40942 Alicia Ranch, Higginsmouth, WV 97122"
446,323,2023-08-09,"894 Fowler Club, Walkertown, MI 46787"
447,31,2023-11-27,"4425 Myers Harbor, South Josephton, KY 04534"
448,120,2024-09-24,"521 Estrada Island, Hamptonmouth, UT 88760"
449,483,2024-11-28,"83798 Morgan Stream Suite 444, Ronaldton, GA 79221"
450,260,2024-07-19,"859 Stone Avenue, Rayfort, MO 08981"
451,55,2023-10-14,"86612 Timothy Station Apt. 214, Morrisland, ND 38679"
452,59,2024-06-05,"460 Aguilar Locks Apt. 394, Spencemouth, ND 61959"
453,157,2023-07-03,"90276 Scott Summit, New Kaylachester, AS 65194"
454,25,2023-07-15,"35065 Lee Plaza Suite 976, South Frankhaven, SD 17181"
455,337,2025-03-02,"0073 Bobby Orchard, West Donald, MO 67438"
456,294,2023-12-04,"5018 Mark Mount Apt. 569, Stantonmouth, AZ 65987"
457,165,2024-11-04,"9067 Jillian Canyon, Mcdonaldville, LA 13199"
458,453,2023-09-03,"89413 Sanders Trail, Jensentown, WY 09526"
459,314,2024-06-06,"6314 Darren Tunnel, East Mauricestad, DE 54662"
460,32,2025-05-27,"76428 Calderon Course Suite 716, Lake Karentown, AS 85020"
461,277,2024-11-06,"489 Smith Knoll Apt. 047, South Dan, MH 45437"
462,112,2025-03-01,"9329 Paul Island Apt. 337, South Tonya, GA 03229"
463,99,2024-02-05,"7821 Nicole Ports, Moorechester, NM 26814"
464,239,2023-09-30,"88647 Thomas Gateway, Michaelfurt, ID 45927"
465,205,2023-09-20,"033 Cameron Greens, Lake George, CA 81146"
466,212,2024-07-04,"625 Walker Highway Suite 220, East Cheryl, WY 53258"
467,202,2024-07-04,"79164 Stephanie Extensions Apt. 580, Port Andrea, AS 21007"
468,138,2024-10-22,"6834 Kari Roads Apt. 221, Robertsport, ME 61097"
469,27,2023-09-23,"22152 White Landing Apt. 117, Amyfurt, AR 10565"
470,410,2024-12-18,"7360 Brian Alley, Roberthaven, GU 36712"
471,399,2023-10-08,"166 Andrew Centers Apt. 004, South Jonathanmouth, SD 03745"
472,204,2024-11-30,"463 Green Turnpike, Wayneville, CO 83355"
473,469,2024-07-23,"9229 Regina Streets, Eugeneland, PW 10721"
474,333,2024-05-24,"PSC 5600, Box 7691, APO AA 47269"
475,154,2023-09-21,"5597 Carly Greens Apt. 537, West Ashley, MN 55949"
476,467,2024-10-03,"246 John Motorway Suite 886, Leonville, MT 52954"
477,252,2023-11-02,"0223 Santos Road Suite 981, Lake Lisahaven, RI 93144"
478,432,2025-02-06,"19517 Adrian Field Suite 410, Leeberg, NV 02396"
479,138,2025-01-05,"7254 Berry Mission, Sanchezton, NJ 60786"
480,341,2023-11-16,"76567 Smith Cliffs Apt. 377, Nathanton, MI 90832"
481,209,2024-01-02,"4102 Ramirez Mount, New Kayla, GU 46408"
482,87,2024-11-22,"1457 Chang Brooks Apt. 354, Snyderborough, KY 10723"
483,200,2024-09-17,"635 Don Branch, Dixonside, VA 02618"
484,252,2024-04-02,"30619 Micheal Spur, South Donna, VT 01725"
485,209,2023-12-27,"2515 Hernandez Ports Apt. 891, Angelaton, KY 74281"
486,437,2023-11-06,"26408 Johnson Orchard Apt. 658, Austinberg, CO 33816"
487,22,2023-12-18,"87410 Timothy Drive, New Patricia, DE 55474"
488,484,2023-12-22,"2983 Frank Plains, Greenland, CO 01175"
489,201,2024-01-10,"8152 Austin Via, Josephstad, WY 95820"
490,489,2023-12-30,"0212 Wells Field Apt. 744, New Todd, PW 97386"
491,176,2023-06-22,"8361 Vaughan Mountain, Pereztown, MT 10576"
492,137,2024-07-26,"87332 Yvette Grove, Erikmouth, NY 38333"
493,422,2023-09-02,"6620 Samuel Cove, West Philip, KY 23040"
494,480,2023-11-12,"2798 Walker Viaduct, South Erica, AZ 23979"
495,137,2023-11-07,"30607 Fox Point Suite 986, North Elizabeth, OH 46142"
496,125,2023-09-09,"05725 Robinson Well, North Christianside, OH 84448"
497,185,2024-02-06,"52915 Gross Keys Apt. 194, Lake Morgan, OK 80982"
498,478,2025-01-21,"6817 Nicholas Oval Suite 975, New Morgan, MD 28249"
499,118,2024-11-03,"94285 Jeffrey Trail, Browningmouth, MO 80584"
500,132,2023-07-16,"44667 Nelson Forest, East Johnborough, OH 95888"
501,418,2024-02-13,"427 Debbie Ville, Lake Terrence, PA 41199"
502,444,2023-07-20,"USNV Cox, FPO AE 14688"
503,242,2024-09-28,"520 Charles Rest Suite 739, South Tina, OK 83721"
504,300,2023-07-29,"369 John Points, New Johnside, SC 43638"
505,350,2025-01-19,"768 Thompson Park, Port Cristinaview, MH 55669"
506,16,2024-03-31,"12785 Cardenas Ford, Coxton, ND 99526"
507,489,2024-06-19,"3746 Leon Knoll Suite 017, New Tonyaton, NH 83662"
508,124,2023-11-25,"3059 Mary Bridge Apt. 836, Sandersberg, SD 29919"
509,62,2024-07-11,"1961 Esparza Shoals Apt. 006, Christinaland, OH 86398"
510,64,2024-03-22,"43195 Michael Station Suite 921, Sanchezville, MS 56391"
511,324,2023-12-22,"78531 Zachary Manors Suite 956, Lake Nicole, MN 42037"
512,97,2024-06-13,"5666 Elizabeth Walk Suite 232, Rodriguezstad, VT 00809"
513,275,2024-09-27,"748 Keith Rest Apt. 165, Port Michael, CT 54914"
514,103,2024-02-09,"PSC 6422, Box 6896, APO AE 73553"
515,236,2023-07-07,"30206 Ramos Walks, West Sarahside, MT 84664"
516,222,2025-03-16,"0163 Elizabeth Wall, Taylorton, PR 60941"
517,90,2023-09-08,"868 Anderson Shore, Bryanland, FL 96469"
518,428,2025-03-21,"32156 Melinda Expressway Apt. 469, Port Christine, NY 60160"
519,317,2024-04-11,"3043 Taylor Motorway, Reneeville, ME 17763"
520,448,2025-05-20,"81479 Anthony Islands Suite 873, Schwartzchester, OK 81678"
521,98,2024-07-07,"7955 Kyle Field, Jamesland, NY 29241"
522,316,2023-11-21,"87847 Michael Glen, Sandrachester, KS 17424"
523,484,2024-09-14,"8251 Howell Terrace, South Stephanie, AS 11558"
524,485,2024-10-28,"7139 Melissa Orchard, New Timothy, AS 41665"
525,437,2023-12-13,"8617 Tracy Greens Apt. 519, Port Jamesborough, NC 50503"
526,227,2025-01-17,"14136 Greene Forks, Darrenberg, MN 55992"
527,88,2024-03-15,"6753 Evan Landing, North Deborahborough, AL 26555"
528,161,2024-05-20,"08200 Goodman Club, Michellehaven, CA 11613"
529,236,2024-09-25,"08712 Laura Wall Apt. 585, West Maryport, ID 24749"
530,24,2024-03-16,"093 Jeffery Station Apt. 237, Carlafort, IN 24015"
531,110,2024-02-12,"5179 Courtney Square, Johnbury, UT 39775"
532,35,2024-10-21,"03639 Chan Grove Apt. 806, Norrischester, WI 94811"
533,494,2024-07-23,"16967 Richard Loop, Katiehaven, MT 76637"
534,278,2024-11-02,"PSC 9528, Box 1154, APO AA 69794"
535,443,2025-05-27,"2585 Norton Extension, North Connor, GU 96855"
536,227,2024-07-08,"0211 Gray Turnpike Apt. 793, Hernandezmouth, OR 48267"
537,53,2023-12-12,"622 Wood Route Suite 813, North Rebecca, WI 92452"
538,432,2025-04-22,"4544 Garrett Radial Suite 049, Cherrymouth, KY 32227"
539,290,2024-08-28,"724 Coleman Junctions, Johnsonberg, VT 92620"
540,413,2024-02-04,"3615 Connor Cove Suite 014, Samanthafort, PA 08178"
541,167,2024-02-06,"7823 Davis Mountains, South Kelseyfurt, MN 76340"
542,338,2025-03-01,"073 Brian Mills Apt. 410, West Christinaville, IL 71383"
543,33,2024-12-07,"PSC 6390, Box 0998, APO AA 93319"
544,378,2024-12-03,"03439 Oscar Villages Apt. 029, South Kelly, ND 05339"
545,191,2025-02-22,"177 Marissa Court, Williammouth, DC 95654"
546,279,2025-01-14,"9039 Courtney Land, Sextonborough, MA 30068"
547,236,2024-08-14,"90409 Travis Terrace Apt. 240, New Dwayne, PW 04189"
548,177,2024-11-24,"4509 Fernandez Pines, West Megan, IN 72736"
549,209,2024-05-01,"41519 Dean Isle Apt. 785, Andrewfort, NJ 30810"
550,129,2024-11-16,"052 Emily Estate, East Christopher, TX 85479"
551,146,2025-03-10,"8357 Miranda Heights Apt. 407, Joshuahaven, OK 00922"
552,316,2025-01-28,"294 Mackenzie Village, Lake Shelby, NC 50549"
553,33,2023-10-11,"828 Kathleen Lodge Suite 234, Jamesberg, NV 43546"
554,186,2024-11-11,"04675 Ward Run, East Erin, UT 41551"
555,23,2024-02-22,"615 Kristi Cove, North Angela, FL 60404"
556,122,2025-02-22,"725 Nicholas Stream Apt. 522, Hooverport, AR 12725"
557,269,2025-02-01,"014 Julie Center Suite 883, Obrienmouth, ID 59921"
558,365,2024-11-10,"50954 Morgan Ville, Andreaton, MO 65685"
559,34,2023-12-16,"10981 Chapman Walks, Port Zoeland, OK 48258"
560,311,2024-03-31,"51621 Paul Crossroad, Emilystad, MS 88263"
561,92,2023-08-15,"850 Ricky Turnpike, Miguelville, IA 15264"
562,246,2025-04-28,"5680 Rodriguez Locks Apt. 469, East Donaldburgh, NJ 75830"
563,314,2024-06-17,"3989 Tran Haven, South Brianchester, AL 04478"
564,301,2023-08-01,"4570 Patel Prairie Apt. 885, Paulstad, TX 05202"
565,335,2023-07-07,"Unit 9381 Box 2272, DPO AA 21806"
566,404,2023-06-13,"9090 Barber Vista Apt. 445, Port Kaylee, WY 30836"
567,259,2025-05-16,"05133 David Dam, Port Anthonyburgh, IA 88450"
568,410,2023-07-29,"90650 Cheryl Unions, West Kylebury, AR 96771"
569,427,2024-01-10,"18460 John Ridge Suite 800, Coleburgh, PR 82661"
570,364,2024-07-22,"8853 Spence Trail Suite 425, Rodriguezborough, WA 92456"
571,260,2024-01-10,"3480 Ryan Stream, West Joshua, MO 69260"
572,271,2025-05-23,"6196 Wanda Burgs, Knoxhaven, WY 30653"
573,294,2024-07-07,"9040 Robert Rapid, Marthachester, NJ 69906"
574,3,2025-01-12,"4117 Phillips Roads, Davisland, UT 85740"
575,88,2025-04-11,"97882 Singleton Street Apt. 152, East Christopherport, AS 79233"
576,11,2025-04-25,"83200 Maynard Ville Apt. 024, Blackville, IL 99780"
577,293,2024-09-30,"7258 Walker Lake, East Shelbytown, KS 51671"
578,253,2024-08-26,"PSC 4581, Box 0773, APO AP 19903"
579,137,2024-02-04,"4795 Diaz Junction, East Jessicamouth, CO 01757"
580,391,2023-11-14,"Unit 0083 Box 6186, DPO AP 61440"
581,437,2023-08-09,"53742 Yvonne Manor, Laurieview, NM 89080"
582,409,2024-12-27,"2176 Gregory Parkways Apt. 383, New Elizabethside, WA 19016"
583,77,2023-09-16,"89205 Jerome Land Apt. 700, Cherylchester, WY 48325"
584,253,2023-11-10,"1001 Huber Lakes, Diazmouth, TN 44986"
585,312,2025-01-10,"7919 Michelle Wall, South Sherry, SD 78338"
586,384,2023-08-18,"6540 Duran Vista, North Glendaview, TX 51584"
587,402,2024-10-06,"71989 Brandon Crossroad Suite 525, Edwardburgh, WA 95335"
588,420,2025-02-27,"192 Angela Burgs Apt. 801, Roseside, MD 31840"
589,12,2024-05-23,"46439 Delgado Plaza, Nicholsberg, NC 00597"
590,121,2025-02-04,"253 Daniel Throughway Apt. 865, Emilyside, CO 13875"
591,300,2023-10-26,"1011 Mcgee Vista, Edwardsburgh, UT 43111"
592,419,2025-05-26,"45184 Gonzalez Gardens Apt. 882, Lake Raymondfurt, AK 73934"
593,431,2024-08-24,"2680 Reid Gardens, Lake Mariafort, KY 76814"
594,353,2023-12-29,"925 James Street, Lake Stephanie, DC 73082"
595,467,2024-12-08,"288 Katherine Mews Suite 403, Rileyfort, MA 33752"
596,28,2025-05-13,"4471 Timothy Trafficway, Eileenland, MD 93482"
597,270,2024-08-28,"529 Hill Ford, New Melissabury, MH 65178"
598,492,2023-07-23,"2656 Mack Green, New Tammyburgh, TX 76557"
599,135,2024-04-18,"Unit 6708 Box 2380, DPO AA 15378"
600,99,2025-05-01,"428 Emily Forks Apt. 355, Walkerview, VA 40779"
601,83,2023-10-19,"3628 Ross Parkways, Connerstad, MP 70753"
602,313,2023-08-05,"847 Gomez Ramp Apt. 042, North Alexanderhaven, MH 44054"
603,191,2023-10-20,"9832 Zachary Drive Apt. 849, Whitneyside, NY 09758"
604,492,2025-05-04,"312 Moreno Knolls Apt. 453, New Alicia, KY 22771"
605,16,2023-12-28,"PSC 3466, Box 0339, APO AP 53607"
606,32,2024-06-23,"62958 Steven Mission, Breannatown, PW 60887"
607,247,2023-08-11,"4032 Kim Centers Suite 882, Kathrynville, MD 38494"
608,151,2024-08-06,"231 Underwood Courts, Joshuaberg, DE 71286"
609,291,2024-01-31,"95861 Carolyn Meadows Suite 284, Kristinmouth, TN 58467"
610,306,2025-04-25,"045 Robert Mountain, North Franciscomouth, PA 07121"
611,78,2024-01-17,"5942 Espinoza Highway Suite 788, Lake Brittanyside, CA 38680"
612,460,2023-09-16,"23243 Elizabeth Shores, Angelfort, PW 34950"
613,147,2024-05-11,"Unit 9322 Box 2183, DPO AE 68092"
614,166,2024-12-19,"62914 Wood Squares, West Matthew, CA 97009"
615,325,2023-12-17,"1715 Bobby Glens, Port Jessicaland, MA 99391"
616,200,2024-11-05,"154 Amber Camp Apt. 078, Parrishland, ME 44130"
617,16,2023-12-03,"90823 Michelle Vista, West Gregory, WY 42241"
618,203,2024-05-14,"PSC 4629, Box 7396, APO AP 29004"
619,85,2024-12-24,"9931 Ochoa Harbors Apt. 286, Dixonville, WI 44763"
620,191,2024-06-18,"91599 Manning Brook, Timothyfort, LA 45423"
621,208,2024-05-04,"PSC 3088, Box 8462, APO AE 56178"
622,229,2025-03-08,"3776 Christy Mount Suite 289, Donport, NJ 91842"
623,182,2023-11-15,"70468 Linda Crescent Suite 114, Kevinhaven, MT 22322"
624,144,2023-06-23,"553 Hannah Viaduct, West Daniel, PA 81561"
625,222,2023-12-02,"397 Johnson Hill, North Stephentown, IL 71644"
626,43,2023-12-26,"7846 Anderson Club Apt. 121, Brandihaven, VI 58133"
627,275,2023-09-02,"880 Linda Neck Apt. 960, Hernandeztown, MO 16897"
628,133,2025-05-23,"00599 Cruz Circles Suite 364, West Kathrynhaven, VT 46626"
629,152,2023-09-20,"92477 Claudia Walk Suite 914, South Michaelmouth, WV 24103"
630,202,2023-12-07,"76087 Ball Flats, Lake Melissa, LA 68524"
631,362,2023-12-16,"4797 Grimes Walk, Henryburgh, RI 60084"
632,136,2024-10-08,"718 Jessica River Apt. 600, Port Nathanbury, SC 32124"
633,483,2023-08-26,"2875 Price Court Apt. 143, East Blakeville, MO 91917"
634,430,2024-12-22,"6520 Patterson Forge Suite 707, Fletcherhaven, SC 68361"
635,179,2023-07-05,"56556 Melissa Village Suite 352, Shawville, TX 52492"
636,30,2023-12-09,"265 Farrell Ports, Martinezbury, NH 54561"
637,315,2024-05-07,"08582 Mary Gardens Apt. 624, Stevenfort, TX 60011"
638,165,2025-05-12,"612 Fitzgerald Spring, Odonnellburgh, OK 68413"
639,54,2024-02-28,"88485 Theresa Plains Apt. 282, Taylorchester, TN 41210"
640,495,2023-06-22,"0016 Flores Harbor Suite 766, Dawnmouth, SD 40841"
641,45,2025-01-07,"13495 Dominguez Squares, Lindseyfurt, IA 16875"
642,490,2024-04-02,"1536 Christopher Ford, Port Zacharyville, WI 32335"
643,264,2023-10-08,"10992 Jeff Brook Apt. 167, Dianeport, WV 46982"
644,358,2024-10-29,"7288 Richardson Village, Angelamouth, RI 95304"
645,103,2024-05-21,"1762 Scott Causeway Suite 388, Lisaberg, OH 84713"
646,413,2024-11-18,"0457 Pamela Station, West Natalie, GU 95162"
647,77,2023-12-07,"581 Beth Drive, Latoyaville, SD 05694"
648,77,2024-06-09,"913 Mariah Valley, West Brian, CT 67866"
649,188,2025-01-03,"85118 Drew Parks Apt. 490, Shelleymouth, NV 34519"
650,376,2024-07-18,"20609 Miller Skyway, Valenciahaven, MI 67045"
651,353,2023-07-08,"Unit 6453 Box 9912, DPO AA 56980"
652,270,2025-05-12,"USCGC Martin, FPO AE 98572"
653,294,2025-02-16,"394 Washington Neck, Port Valerie, WI 24597"
654,125,2025-04-25,"7429 Christian Rest Apt. 608, Hardinborough, NJ 22241"
655,237,2023-10-19,"89576 Michele Plain Suite 693, Brandtland, ID 11861"
656,288,2024-12-07,"454 Catherine Valleys, East Michaeltown, NE 65900"
657,12,2023-11-16,"77063 Christine Lodge, West Heathermouth, OK 48615"
658,305,2024-10-12,"USCGC Poole, FPO AP 23243"
659,416,2024-07-09,"19123 James Tunnel, Howardchester, MO 09033"
660,185,2024-06-11,"72718 Leon Summit Suite 601, Stephanieborough, OH 41427"
661,358,2024-07-27,"661 Marquez Hill, Wongfort, MS 74619"
662,212,2024-08-21,"28132 Smith Mountain, North Dianaberg, PA 73431"
663,64,2024-01-14,"723 Huffman Lodge Apt. 944, West Hannah, DC 15444"
664,158,2025-05-01,"20498 Jennifer Terrace Suite 362, Garciabury, VI 66280"
665,144,2024-03-26,"44230 Hess Highway Suite 649, South Brianview, OH 29355"
666,75,2024-12-04,"348 Vaughan Spurs, East Jefftown, AZ 35554"
667,48,2023-08-09,"5147 Allison Common, Andradehaven, AL 17390"
668,235,2024-03-04,"032 Jackson Turnpike Suite 465, Port Devonview, PR 03558"
669,258,2025-01-22,"2211 Andrea Summit Suite 738, Whiteview, VT 43685"
670,270,2023-09-02,"8765 Lisa Unions, New Shelly, PW 93665"
671,376,2023-09-05,"87064 Page Garden, South Connor, ND 84038"
672,362,2024-11-22,"193 Samantha Ridge Apt. 707, South Jeremyfurt, WA 41145"
673,470,2025-03-26,"261 Kathryn Motorway, Larrybury, KS 09966"
674,160,2025-05-01,"862 Monica Ferry, Lewisburgh, WI 64835"
675,397,2023-08-08,"792 Daniel Pass Apt. 207, Lake Paula, KS 35718"
676,364,2024-11-16,"145 Nathan Ridges, New Benjamin, NJ 97995"
677,27,2023-06-12,"282 George Wall Apt. 146, Port Heathershire, PA 55354"
678,449,2024-06-30,"1710 Kelly Track Suite 755, Jenkinsshire, AZ 28845"
679,125,2024-09-11,"2846 Kevin Canyon Apt. 174, Lake Brian, MA 51270"
680,414,2025-05-26,"8537 Fields Lodge, Lake Shelley, MA 50730"
681,459,2024-09-28,"733 Livingston Manor Suite 887, Andersonport, NH 31302"
682,253,2024-08-23,"963 Maria Flats Suite 326, Port Lauraville, AS 53313"
683,465,2025-02-16,"USNS Jones, FPO AP 86144"
684,279,2023-07-14,"1825 Sutton Extensions Suite 263, Williamsburgh, MA 74126"
685,12,2023-08-07,"681 Smith Inlet Suite 297, West Chris, KS 78675"
686,65,2024-06-14,"661 Amy Extension Apt. 463, East Barry, TX 80357"
687,55,2024-02-08,"193 Brian Springs, Anneshire, TN 19590"
688,358,2024-05-15,"8302 Brown Stream, Williamborough, NE 66393"
689,270,2025-03-22,"7895 Scott Alley, Hollandfurt, OK 23833"
690,107,2025-04-03,"014 Walters Creek, Richardsonville, MN 04990"
691,76,2025-02-27,"391 Martinez Crossing, Jenniferberg, NM 30091"
692,63,2024-06-27,"78221 Adam Trail, Huangland, NE 65790"
693,9,2023-07-08,"850 Jesse Plain, West Manuel, CT 20286"
694,349,2025-05-02,"36308 Torres Passage, New Keith, GU 49459"
695,186,2024-05-31,"1452 Kyle Flats, South Timothy, ND 23628"
696,120,2024-03-25,"903 Steven Trail, Jasonchester, DC 01101"
697,236,2023-06-18,"167 Silva Manor Suite 233, Kevinville, AK 35329"
698,139,2024-03-30,"2637 Richard Crest Apt. 912, South Maria, DE 70531"
699,375,2023-07-31,"8110 Nelson Pine Apt. 049, Thompsonland, AS 13714"
700,110,2024-02-08,"9728 Tasha Islands Suite 857, Davidberg, TN 79384"
701,138,2024-05-17,"369 Christopher Turnpike, Lake Dianabury, CO 91573"
702,68,2024-06-01,"USCGC Smith, FPO AA 45017"
703,385,2024-05-18,"456 Brooks Throughway, Alejandrohaven, SD 06070"
704,188,2025-01-11,"100 Grant Circles Apt. 745, South Christopher, RI 12351"
705,146,2024-05-24,"USNV Berry, FPO AE 98812"
706,377,2024-05-23,"4992 Willis Loop, Lake Nathantown, ID 47681"
707,471,2024-07-11,"4539 Kyle Mountain Suite 449, New Christinabury, VT 67554"
708,52,2024-03-01,"723 Megan Drive, Holtmouth, DC 22193"
709,178,2024-01-11,"04938 Ashley Way Apt. 599, Kristinemouth, WI 29347"
710,357,2023-10-26,"08223 William Harbor Suite 153, Bentonton, MS 55625"
711,336,2024-10-11,"945 Anne Coves Apt. 261, Lake Wayne, MN 22935"
712,308,2024-01-23,"56685 Doris Falls Apt. 218, South Kelliton, NY 67409"
713,327,2025-03-23,"4018 Zhang Neck Suite 598, South Jamesshire, CO 83729"
714,181,2023-06-19,"USCGC Jones, FPO AE 99908"
715,173,2024-06-02,"69379 Williams Mountains, Jamesfurt, FL 31712"
716,336,2024-11-24,"Unit 1759 Box 5312, DPO AP 41205"
717,194,2024-11-27,"USCGC Chang, FPO AE 33212"
718,357,2024-12-10,"69176 Mary Lights Suite 165, New Xavier, DE 44874"
719,68,2024-02-03,"96386 Brian Square, Mosleyborough, ND 15678"
720,100,2024-03-19,"8470 Brooks Ranch Apt. 668, Hernandezchester, ND 59756"
721,437,2024-11-04,"0985 Fernandez Square Suite 192, Rileybury, DC 44722"
722,233,2025-04-05,"PSC 0637, Box 7175, APO AP 70281"
723,362,2024-08-13,"451 Bailey Estates Apt. 998, Lake Melissashire, IN 99820"
724,416,2025-01-15,"8906 Cindy Port, East Donaldshire, MD 40446"
725,98,2023-12-19,"933 Nathan Prairie, New Christina, SC 60634"
726,161,2023-08-11,"5119 Walker Lane, Michellechester, AL 12119"
727,61,2024-01-07,"Unit 0751 Box 2994, DPO AP 53738"
728,482,2023-06-16,"USCGC Schwartz, FPO AA 69164"
729,132,2025-02-05,"228 Campos Wells Apt. 255, Jasmineport, AS 82670"
730,243,2023-11-20,"65320 Rowe Branch, North Christian, ND 56798"
731,466,2024-02-21,"1313 Sanchez Turnpike Suite 204, Amberfort, MI 19725"
732,150,2023-09-26,"70836 Pena Passage, West Josephhaven, CT 45209"
733,15,2025-05-29,"USS Carter, FPO AE 67254"
734,64,2024-11-15,"43762 Burgess Spur, Lake Ashley, DE 39765"
735,365,2024-01-19,"5809 Kenneth Canyon Suite 321, Lake Mark, VI 70257"
736,406,2025-05-30,"614 Shelly Islands Apt. 942, South Erikaville, DC 56325"
737,69,2023-12-01,"597 Jared Stream, Jennifermouth, MI 13610"
738,105,2025-02-23,"411 Christine Fall, Emilytown, CO 70578"
739,322,2024-04-03,"USNV Trevino, FPO AP 21082"
740,262,2024-02-23,"72718 Cameron Hollow, Fieldsburgh, ID 15942"
741,225,2024-02-20,"86239 Terry Avenue, New Hannah, WI 53377"
742,447,2024-10-04,"0143 Amy Wall Suite 491, West Nicholas, ND 56398"
743,418,2024-05-23,"5871 Donald Burg Suite 354, Haynesport, NJ 57069"
744,342,2025-01-26,"936 Angela Crossroad Apt. 498, Wilsontown, WV 03669"
745,231,2024-10-13,"528 Joshua Haven Suite 509, Millertown, PW 10728"
746,440,2024-05-20,"Unit 4361 Box 0876, DPO AE 33670"
747,312,2025-03-21,"541 Hamilton Greens, South Breannachester, WI 88507"
748,367,2023-08-04,"53555 Susan Street, New Melissa, AS 79515"
749,479,2023-11-20,"0588 James River, New Laura, WA 34118"
750,210,2023-08-30,"98112 Myers Road Apt. 460, Smithport, MO 78298"
751,205,2025-04-04,"USNV Little, FPO AP 97423"
752,259,2024-07-18,"778 Amanda Villages, Taylortown, IN 72187"
753,72,2023-09-11,"53126 David Road, Port Kathleen, LA 15721"
754,491,2024-05-20,"5982 Kyle Fort, East Gerald, TX 37432"
755,218,2024-04-23,"625 Nguyen Mount, Amandastad, MN 44419"
756,59,2024-02-06,"499 Cassandra Spurs, Rogersbury, IA 04739"
757,270,2024-12-29,"313 Rebecca Mill, Lake Kristafort, CO 61458"
758,44,2025-02-07,"PSC 0477, Box 4135, APO AP 50727"
759,149,2025-03-28,"100 Erica Parkways, West Shelbyfort, SC 43434"
760,368,2024-04-24,"1343 Cox Crest, Smithhaven, NY 04084"
761,418,2024-07-16,"5470 Jimenez Hill, North Johnburgh, AZ 25451"
762,135,2025-05-25,"255 Reyes Well, Phillipside, FM 61089"
763,43,2023-12-27,"0730 Tracy Rapids, South Kristen, PA 19154"
764,499,2024-12-13,"30022 Nguyen Stream Apt. 212, Thomasmouth, TN 73417"
765,166,2023-06-15,"2850 Conrad Plaza Apt. 825, Lake Ronald, MP 24589"
766,376,2023-06-24,"3081 Rachael Camp, Joshuafurt, GU 13906"
767,224,2025-02-15,"3264 Jill Throughway Suite 947, West Kathleenton, TN 50427"
768,14,2024-08-11,"Unit 6429 Box 8378, DPO AA 45174"
769,146,2025-04-01,"754 Palmer Shores, Mooreburgh, MS 32704"
770,42,2025-01-27,"119 Douglas Springs, Leontown, GU 64655"
771,443,2025-01-11,"757 Brown Pike Suite 367, Sharonton, VA 57978"
772,422,2025-05-21,"199 Gavin Turnpike, Charlotteport, MH 30599"
773,335,2025-02-16,"61099 Sandra Divide, Mooreshire, VI 75339"
774,260,2023-06-21,"56119 Allen Crossing Apt. 465, Davisville, DC 49797"
775,43,2025-04-27,"361 Simpson Alley, Melissaport, SC 21399"
776,98,2024-12-09,"16456 Lisa Views Suite 301, Mccoymouth, ID 43276"
777,90,2024-02-20,"USNS Gilbert, FPO AP 91219"
778,348,2024-01-12,"83033 Brittany Forks, Theresaport, NH 64036"
779,29,2024-11-10,"USNS Thompson, FPO AP 85517"
780,426,2024-07-30,"77454 Perry Port, Christinaport, MD 81243"
781,209,2024-10-18,"06263 Kathryn Orchard, Cherylchester, MI 88166"
782,7,2023-07-26,"120 Smith Locks, South Charlesshire, ND 37558"
783,273,2023-09-04,"Unit 3785 Box 8255, DPO AA 81661"
784,262,2024-09-11,"USCGC Walker, FPO AA 13050"
785,259,2024-08-26,"05834 Daniel Mountains Apt. 084, Cherylborough, OK 52585"
786,385,2023-11-22,"12584 Perez Pass, Rachelfort, AS 78413"
787,174,2023-11-04,"686 Brown Neck Apt. 484, Lake Thomas, DE 36382"
788,144,2024-03-06,"7470 Erika Spurs, Donaldbury, SD 88211"
789,383,2023-11-09,"4203 Crosby Via Suite 540, Micheleborough, VT 67300"
790,76,2024-06-05,"594 Mathis Stravenue Suite 261, Amyfort, MA 17347"
791,333,2024-04-01,"8695 Robert Forest, South Amandahaven, PR 32433"
792,451,2025-01-17,"3740 Brown Path, Davidburgh, VA 85828"
793,423,2023-07-18,"700 Frost Hill, Brownchester, MS 55429"
794,379,2025-01-01,"993 Jasmine Trail Apt. 469, North Brian, WV 88360"
795,192,2025-03-09,"381 Walker Lane, South Michaelstad, MN 26635"
796,300,2024-04-20,"09068 Elizabeth Mall Suite 978, South Stevenhaven, NM 71067"
797,134,2024-04-04,"814 Garcia Ridges Apt. 953, New Jessica, GU 57702"
798,86,2023-06-11,"5705 Jones Rapids Suite 381, Juantown, SD 64251"
799,322,2024-06-06,"PSC 2108, Box 8835, APO AA 84324"
800,59,2024-08-22,"482 Roberts Overpass, Port Sandrabury, ID 78268"
801,84,2023-12-12,"598 Cunningham Stream Apt. 842, Salinasfurt, RI 56994"
802,6,2025-01-21,"6094 Hernandez Forest Apt. 063, Susanhaven, DE 43160"
803,131,2025-01-20,"USNV Haynes, FPO AA 37173"
804,210,2025-04-16,"894 Gross Mews, East Benjamin, FL 19334"
805,485,2024-01-07,"48075 Lisa Mall, South Shane, MA 51615"
806,285,2025-01-08,"55316 Stark Union Suite 417, Kirkshire, WA 45679"
807,200,2024-02-16,"7426 Garcia Unions, Lake Jeremiah, ME 56963"
808,294,2024-07-08,"523 Moody Rue, Chanfurt, NV 18155"
809,337,2023-07-15,"8710 Amanda Brooks Suite 017, Nelsonbury, MI 88851"
810,420,2024-08-14,"7632 Washington Creek, North Angelica, SC 04163"
811,111,2024-04-29,"98769 Judy Trace Suite 299, South Malloryhaven, OR 87102"
812,92,2023-06-10,"86236 Waters Ridges Apt. 941, Simonfurt, AZ 40873"
813,257,2025-05-26,"914 Jones Street, Port Lukemouth, PR 13814"
814,341,2024-10-03,"62008 Barker Greens Apt. 612, Port Hannah, AL 80225"
815,32,2024-02-26,"90341 Mcgee Forest Apt. 812, North Davidburgh, AZ 85732"
816,234,2024-11-18,"74917 Harris Spurs Apt. 747, Jameston, SC 45173"
817,162,2024-12-10,"910 Zachary Ranch Suite 372, Ryanfurt, MT 31840"
818,489,2023-10-31,"12169 Perez Dam Apt. 401, Matthewfurt, IN 81244"
819,144,2024-05-02,"919 Daniel Estates, Freemanmouth, SC 26441"
820,355,2025-02-02,"76737 Jacob Fork Apt. 404, Danaport, CT 72179"
821,188,2024-09-03,"50811 Dean Drive Apt. 163, New James, WV 76174"
822,13,2024-02-14,"USNS Hall, FPO AP 44411"
823,490,2023-12-01,"548 Danielle Tunnel Suite 021, West Monicachester, TN 29161"
824,85,2025-01-13,"69250 Holt Freeway, New Gabrielle, MO 11487"
825,1,2025-02-15,"352 Alexis Lake, South Joseph, NV 88668"
826,395,2024-07-07,"548 Alicia Walk, New Yvonne, LA 92915"
827,237,2023-10-06,"91325 Joseph Camp, Elizabethland, IL 11799"
828,187,2024-06-16,"16556 Davis Plains Apt. 828, Yangberg, AZ 86381"
829,384,2025-01-06,"678 Robertson Lights, Rossfort, ID 10181"
830,86,2024-03-18,"158 Ramos Expressway Suite 586, West Dawn, NE 13018"
831,110,2024-02-10,"8724 Alyssa Road Apt. 322, West Scottville, MT 77631"
832,56,2025-02-03,"USS Peterson, FPO AA 62028"
833,185,2024-05-27,"768 Robin Mountain, Kathleenborough, OR 72038"
834,193,2023-07-11,"77705 Garcia Junctions Suite 547, Garrettberg, MN 27036"
835,74,2024-03-28,"7829 Gregory Stravenue, Petersenfort, TN 73175"
836,285,2025-01-05,"82242 Vazquez Corner, West Jeannefort, FL 39075"
837,301,2024-04-15,"09984 Lisa Oval, Katiehaven, KS 31325"
838,110,2023-08-21,"USS Christensen, FPO AA 61380"
839,490,2024-04-25,"225 Miller Flat Apt. 965, Brittanybury, KY 45900"
840,158,2025-03-23,"55381 Richardson Forges Suite 461, West Amystad, NH 05131"
841,65,2023-10-07,"4246 Jeffrey Radial, Charlesborough, MN 36349"
842,392,2025-05-06,"Unit 0890 Box 9851, DPO AA 37190"
843,414,2024-01-17,"4420 Armstrong Pike, South Crystal, AZ 66775"
844,320,2025-05-27,"505 Pope Village, East Danielle, TN 54095"
845,389,2023-12-14,"86485 Hendrix Vista Suite 139, Cynthiaborough, FM 88560"
846,296,2024-02-29,"34155 Mueller Shoal Suite 744, Port Bryanstad, IA 28602"
847,175,2023-06-21,"980 John Ways Suite 691, Christopherfurt, ME 96936"
848,488,2024-03-23,"0694 Hannah Ridges Suite 500, Garnermouth, WA 18839"
849,281,2024-01-02,"4665 Williams Harbor Apt. 127, West Amybury, MI 53738"
850,27,2025-01-07,"8368 Fisher Cape Apt. 683, Allisonhaven, NE 04045"
851,28,2024-05-08,"06376 Samuel Walks, Lake Melaniestad, PA 72369"
852,408,2024-07-23,"61100 Zachary Manor, Port Donna, LA 13652"
853,146,2024-12-19,"5612 Black Knoll Apt. 290, Luisland, NE 08444"
854,226,2023-07-16,"0545 Jacob Glen, Ericburgh, WI 85087"
855,271,2024-09-05,"38540 Rebecca Trafficway, North Adam, MN 07095"
856,71,2024-01-05,"47429 Aaron Shoal Suite 779, Johnville, VI 86871"
857,309,2024-03-01,"91475 Keith Springs Suite 981, West Brittanymouth, MS 75511"
858,319,2024-07-02,"495 Simpson Trafficway, West Evanfort, PR 78009"
859,139,2024-02-03,"75450 Elizabeth Wall, Brittanyburgh, MN 51202"
860,332,2024-07-25,"02234 Holden Gateway, Angelport, CA 91289"
861,114,2024-02-09,"6144 Sean Cove, West Amber, MI 62980"
862,33,2023-11-28,"PSC 1327, Box 3126, APO AA 79870"
863,153,2024-07-19,"72963 Patel Extension Suite 280, New Belindashire, SD 03685"
864,171,2024-09-04,"911 Vanessa Drive, Lisatown, GU 46399"
865,100,2025-04-07,"1385 Billy Burg Apt. 384, Sellerston, TX 12494"
866,226,2023-06-05,"861 Jessica Dam Suite 747, East Garymouth, IA 87564"
867,273,2023-06-18,"289 Berry Harbors Apt. 348, Jameschester, VI 70465"
868,318,2024-04-14,"Unit 6455 Box 7541, DPO AP 24378"
869,185,2025-03-20,"681 Linda Mountains, Carlsonfurt, VI 11042"
870,207,2023-06-05,"649 Anderson Plains Suite 666, Maryshire, WA 94368"
871,153,2024-12-20,"0828 Nelson Islands, Lake Amandaside, GA 97067"
872,291,2024-08-16,"352 Holmes Extensions, Lake Allisonborough, NJ 34673"
873,257,2023-08-20,"00292 Rachel Loaf, Lake Lisaborough, RI 28947"
874,129,2025-02-24,"12757 Laura Club Suite 905, Paulaburgh, SC 65963"
875,308,2024-01-10,"801 Emily Summit, Parkland, NM 21327"
876,245,2025-02-01,"1429 Evelyn Ranch, Wademouth, MS 93923"
877,393,2023-12-23,"21097 Brandon Ranch, Lake Allison, NC 04683"
878,104,2024-05-27,"68818 Long Oval, South Christine, AS 61255"
879,126,2025-03-22,"133 Rush Walks Apt. 114, Lake Tracy, VI 20954"
880,213,2023-09-01,"3363 Amanda Wells, Annaberg, CO 45313"
881,32,2024-07-25,"884 Burgess Center, Aliciaside, UT 97267"
882,93,2025-05-14,"4286 Gomez View Apt. 690, New Tina, AZ 87503"
883,174,2024-05-09,"23874 Ronald Ferry, Keithville, TX 67071"
884,344,2024-10-09,"054 Tracy Heights, Cameronview, DE 66928"
885,245,2025-04-02,"336 Daugherty Circles Apt. 307, Fergusonside, HI 80517"
886,405,2023-10-24,"747 Curtis Square, West Matthewfort, MI 80032"
887,281,2024-11-28,"USNV Mccann, FPO AA 31205"
888,219,2024-03-23,"7142 Kaitlin Isle Suite 406, Daniellemouth, NH 56381"
889,347,2024-11-06,"317 Myers Ville, South Stephanie, TX 31981"
890,166,2023-11-13,"644 Ashley Expressway, Coleview, WA 61543"
891,475,2024-10-24,"677 Cory Shores Suite 028, Brandonfurt, SC 10730"
892,451,2024-11-30,"86097 Chapman Shoals, West Johnland, MA 21546"
893,165,2025-01-17,"0584 Michaela Field, South Annfort, DC 10197"
894,88,2024-02-10,"161 James Meadow, Port James, PA 42839"
895,401,2023-06-29,"7255 Mckay Groves Apt. 060, Amybury, OH 07570"
896,260,2023-06-27,"7423 Terry Brooks Apt. 191, New Karenborough, PA 73651"
897,230,2024-01-28,"4516 Smith Heights Apt. 673, South Edwardborough, IL 67604"
898,267,2025-02-24,"09522 Wagner Forge Apt. 887, Jenningsland, WI 58269"
899,215,2024-02-22,"8180 Tiffany Mission Suite 891, Travismouth, NY 53959"
900,101,2024-05-20,"15001 Tamara Port Apt. 792, Kimberlyhaven, IL 42451"
901,455,2024-05-17,"4871 Newman Mews Suite 089, Garcialand, MP 86257"
902,470,2023-09-04,"70746 Gutierrez Isle Apt. 814, Deborahshire, PW 34663"
903,342,2025-05-30,"773 Ryan Stream Suite 627, Lake Luke, NH 79122"
904,109,2023-06-30,"PSC 1474, Box 7389, APO AE 97124"
905,256,2023-08-18,"8134 Robert Corner, Danielbury, VT 29774"
906,439,2024-12-26,"977 Greene Ways, Ryanville, AR 23938"
907,350,2024-08-11,"Unit 0339 Box 8096, DPO AE 95381"
908,499,2024-02-27,"84295 Steven Gateway Apt. 643, Powellmouth, KS 67565"
909,140,2024-03-11,"2500 Christian Tunnel Apt. 692, Transide, IL 93929"
910,302,2024-10-19,"369 Joseph Trace Suite 076, Sandrahaven, LA 49547"
911,348,2024-05-06,"0622 Thomas Haven Apt. 184, Lake Stephenport, RI 27330"
912,170,2024-08-12,"51493 King Plaza, Johnstad, MN 93015"
913,55,2024-12-31,"253 John Plaza Apt. 785, North Amanda, NE 42529"
914,303,2023-07-02,"755 Rubio Mills, Johnsonside, IL 76229"
915,412,2023-06-09,"3267 Joseph Lodge Apt. 932, Kristenville, OH 73561"
916,461,2023-09-13,"439 Sergio Track, Lake Jermaineberg, WV 58460"
917,42,2023-09-24,"53998 Lloyd Motorway Apt. 343, East Stephanie, WV 66097"
918,63,2024-03-27,"84070 Murray Hollow, West Jeffreystad, LA 67982"
919,400,2023-09-22,"48044 Robinson Plaza, Mitchellport, KY 27409"
920,259,2024-12-30,"USCGC Navarro, FPO AE 05464"
921,65,2024-02-21,"287 Julie Stravenue Apt. 157, Friedmanmouth, AK 74783"
922,204,2024-10-19,"392 Belinda Stream, Aaronfort, AK 09919"
923,477,2024-07-20,"PSC 2822, Box 8672, APO AA 59199"
924,447,2025-04-30,"878 Davis Isle Suite 886, Lake Royport, CT 91449"
925,9,2023-10-22,"34209 George Curve, Friedmanshire, TN 30571"
926,424,2024-04-02,"038 Dennis Junctions Apt. 290, North Marthaport, AK 19377"
927,418,2024-12-04,"6800 Frank Mountain Apt. 309, New Zacharyside, CA 25353"
928,422,2025-02-06,"93782 Gonzalez Fords Apt. 245, Stevenberg, IL 15533"
929,185,2024-09-11,"61749 Keller Divide, West Heidi, WY 44242"
930,166,2023-06-16,"PSC 7084, Box 9574, APO AP 20271"
931,234,2024-08-28,"869 Julie Bridge, West Lisa, AZ 31457"
932,94,2023-09-06,"753 Harris Islands Apt. 437, Kellitown, VI 01781"
933,167,2025-03-24,"Unit 0014 Box 5163, DPO AE 33230"
934,88,2024-03-20,"PSC 7630, Box 5445, APO AE 65583"
935,284,2025-05-30,"2015 Robert Ramp Apt. 371, Michaeltown, GU 88277"
936,54,2024-10-16,"11260 Jason Motorway Suite 367, New Katiebury, CO 66635"
937,197,2024-01-11,"316 Lisa Ramp, Simpsonview, NE 48828"
938,223,2024-07-06,"638 Zuniga Knoll, Weberchester, MN 79119"
939,203,2023-11-22,"2052 Lopez Oval Suite 083, Hernandezburgh, WV 29419"
940,77,2024-02-18,"283 Reyes Courts Suite 347, Katherineland, IN 60108"
941,12,2024-08-29,"51090 Jones Pine Suite 629, Yolandachester, MI 44612"
942,96,2024-01-28,"57932 Holder Stravenue, West Michael, CT 59035"
943,290,2025-03-28,"27742 Bell Village Suite 411, East Tanyatown, AL 10706"
944,467,2023-06-18,"35694 Cheyenne Plain Suite 363, Monicaside, AS 97007"
945,464,2023-10-19,"PSC 1727, Box 4611, APO AA 39829"
946,344,2023-09-23,"92501 Steven Park, Samanthaton, MN 84611"
947,480,2024-02-04,"347 David Flat, West Justinland, KY 44900"
948,398,2023-11-17,"721 Wood Valley Suite 341, Thomasmouth, WI 09784"
949,93,2024-01-24,"801 Ashlee Stream, Lake Elizabeth, VT 46328"
950,430,2024-09-08,"515 Eaton Forks Suite 567, Lake William, FM 61620"
951,294,2023-08-16,"PSC 2218, Box 4631, APO AP 78010"
952,403,2024-12-20,"88297 Deleon Springs Suite 359, East Christy, CA 43874"
953,400,2025-02-21,"8542 Robert Wells Suite 679, Lucasville, NM 04558"
954,480,2025-05-10,"8186 Thomas Valleys, East Barbaratown, UT 11792"
955,269,2024-11-09,"07160 Ariel Hollow Apt. 686, North Peterberg, DE 23898"
956,107,2024-03-11,"796 David Ferry Suite 179, Emilyshire, TX 65726"
957,245,2024-10-17,"USNS Peck, FPO AA 43954"
958,355,2025-02-17,"5865 Renee Drive, Teresashire, NE 69020"
959,30,2025-05-25,"5502 Erin Mews Apt. 296, West Jason, AK 18683"
960,146,2024-02-21,"95225 Gallegos Port Suite 482, Watsonburgh, ND 04246"
961,283,2024-03-26,"13259 Amy Light, Johnsonstad, MS 84284"
962,165,2024-07-20,"9115 Ramirez Garden Suite 189, Connieburgh, VT 06197"
963,421,2023-06-22,"8277 Cynthia Avenue Suite 743, Amyfort, LA 23109"
964,59,2025-03-10,"USNV Chandler, FPO AP 41289"
965,348,2023-07-09,"2958 Jeffrey Oval Apt. 572, Angelaton, FM 85301"
966,431,2024-12-25,"78346 Washington Orchard, Donnahaven, RI 62414"
967,260,2023-08-30,"0950 Anthony Trafficway Suite 337, North Sarah, MO 77217"
968,360,2024-03-12,"6456 Rachel Shoals, Meghanborough, KY 62076"
969,171,2023-09-22,"2269 Elizabeth Forges Apt. 787, West Dustin, DC 03698"
970,109,2024-03-12,"7808 Jordan Groves Suite 551, North Ivantown, AZ 64535"
971,242,2024-08-06,"894 Darlene Groves Suite 917, Melissafort, MH 19581"
972,408,2024-11-05,"0686 David Lane Suite 436, East Kellyborough, NC 09148"
973,347,2024-09-03,"32092 Wendy Canyon, Hernandezport, DE 25645"
974,447,2023-07-02,"3185 Debra Lights, New Jermaine, MS 71931"
975,447,2023-07-30,"07761 Regina Turnpike Apt. 646, West Jessica, PA 04427"
976,370,2024-06-14,"089 King Manors Apt. 629, Lake Jamie, NY 26222"
977,9,2024-06-07,"533 Krueger Cove, Watsonmouth, NE 24538"
978,59,2024-05-12,"2154 Mcknight Freeway Suite 737, East Sandra, MI 39386"
979,292,2024-09-01,"25168 Lopez Mountains, East Ian, MN 05446"
980,178,2023-12-15,"675 Joseph Station, Mcgeeton, ND 65419"
981,349,2024-01-19,"52106 Rodney Alley Suite 973, Lake Melissahaven, NV 05262"
982,76,2025-01-06,"88208 Zachary Creek, Beverlyhaven, ME 03897"
983,12,2024-05-08,"6549 Rosario Land, North Regina, MP 74727"
984,112,2024-09-02,"8353 Gonzalez Prairie Suite 214, West Michael, VA 93527"
985,4,2024-07-10,"842 Stewart Manor, Allenberg, MO 31780"
986,368,2025-03-03,"48324 Pierce Mountains Apt. 247, Gutierrezview, MI 55608"
987,161,2024-05-08,"1937 Michael Lakes Apt. 864, West Elizabethfurt, IN 27059"
988,76,2024-06-16,"608 Morris Pike Suite 970, West Melanietown, TX 38547"
989,120,2024-06-23,"31656 Rodriguez Harbors, New Michaelstad, VI 42758"
990,310,2023-07-31,"800 Weeks Neck Apt. 515, Silvachester, MI 09029"
991,276,2023-12-17,"4383 Ryan Lodge Suite 176, Port Bonnieborough, ME 36944"
992,447,2025-03-06,"743 Lewis Plains, East Jamie, SC 35586"
993,215,2023-08-19,"867 Lawrence Greens, Kirbymouth, KY 72748"
994,241,2025-02-13,"4414 Stone Ranch Apt. 848, East Annton, MN 75697"
995,44,2025-03-23,"841 Walker Mill Apt. 524, Lake Michelle, WY 82763"
996,365,2024-03-19,"PSC 1254, Box 9896, APO AE 88016"
997,40,2024-07-25,"52331 Palmer Shore, South Alexander, MP 80466"
998,352,2023-12-16,"9247 King Parkways, Williamland, HI 79201"
999,393,2025-03-27,"USS Craig, FPO AP 36778"
1000,86,2024-06-12,"05456 Edwin Curve, South Ryan, GA 62901"
