customer_id,name,email,signup_date
1,Nicole Alexander,jacobstevenson@example.org,2024-08-31
2,Dillon Mathis,ohernandez@example.net,2022-10-05
3,Aaron Salazar,ramirezrobert@example.org,2022-09-06
4,Daniel Wall,powelltiffany@example.net,2024-08-11
5,Thomas Welch,mmonroe@example.net,2023-10-02
6,Teresa Shaw,iconner@example.net,2023-06-20
7,Elizabeth Jones,janicesmall@example.net,2024-03-20
8,Richard Thompson,robert79@example.com,2024-02-29
9,Warren Sanders,cbaldwin@example.com,2023-03-30
10,Lynn Le,james96@example.com,2024-10-10
11,Carol Bryan,deniseweeks@example.com,2024-04-29
12,Jill Martinez,ofletcher@example.net,2024-10-22
13,Kimberly Beard,ereyes@example.net,2024-02-05
14,Roberta Mayo,bhines@example.net,2024-08-03
15,Scott Johnson,anthonyholmes@example.com,2022-10-18
16,Nina Hamilton,myersamanda@example.com,2023-03-16
17,Debra Pratt,kimberlytran@example.net,2024-05-30
18,Brittany Kemp,timothyjones@example.net,2023-10-11
19,Michelle Garcia,bmontgomery@example.org,2023-06-19
20,Marcus Hunt,aliciaprice@example.com,2024-09-17
21,Crystal Rodriguez,arthur61@example.org,2024-08-12
22,Melissa Howard,ewilson@example.org,2023-05-20
23,Joseph Hill,joshua73@example.org,2025-02-02
24,Mark Martin,simsanna@example.com,2024-08-05
25,Cory Washington,bbrown@example.net,2022-12-03
26,Monique Johnson,rebecca06@example.net,2025-01-06
27,Jack Taylor,davidgomez@example.org,2023-02-28
28,George Bell,patrickking@example.net,2024-10-21
29,Robin Thomas,jeremyphillips@example.org,2023-07-07
30,Zachary Johnson,stevendunlap@example.net,2023-08-04
31,David Johnson,brendagordon@example.net,2023-02-12
32,Timothy Anderson,richard45@example.com,2024-05-19
33,Michael Green,andrew62@example.org,2022-12-14
34,Mrs. Desiree Byrd,hward@example.org,2023-06-21
35,Sherry Perez,johnsonbarbara@example.com,2023-08-24
36,Gabrielle Little,dana81@example.net,2023-12-09
37,Eugene Miller,bailey75@example.org,2023-08-19
38,Carrie Short,saramurillo@example.net,2023-06-15
39,Jessica Allen,simmonsbrittany@example.net,2025-05-08
40,Sandra Hunt,jacquelinefritz@example.org,2022-12-26
41,Briana Reilly,jnelson@example.org,2024-09-04
42,Michael Young,taylorcummings@example.net,2024-10-18
43,Christopher Clark,pamela78@example.com,2024-02-10
44,Jodi Glass,tyler84@example.net,2024-01-28
45,Ian Douglas MD,pmelendez@example.com,2025-05-27
46,Lindsay Rodgers,timothy58@example.net,2023-01-16
47,Nicole Lopez,jgriffin@example.net,2022-08-14
48,Tonya Brooks,christinejohnson@example.com,2024-01-02
49,Todd Chapman,dana00@example.org,2023-05-02
50,Wendy Fuentes,barbaralutz@example.net,2023-02-25
51,Melissa Arias,jenny04@example.com,2025-03-18
52,Jesse Perez,jacqueline48@example.org,2023-01-11
53,Anthony Lopez,mcintoshtimothy@example.com,2023-09-14
54,Gabriel Becker,timothykerr@example.org,2022-12-27
55,Calvin Johnson,melissaharris@example.org,2024-07-17
56,Shelly Mitchell,hernandezallison@example.com,2024-02-17
57,Maria Armstrong,pamela41@example.com,2023-04-02
58,Kenneth Williams,lynnalan@example.net,2023-09-18
59,Ariana Lamb,nallen@example.com,2023-03-17
60,Justin James,rchang@example.com,2024-11-10
61,William Brown,browningalexander@example.com,2022-06-20
62,Patrick Mcbride,kristy00@example.net,2023-01-25
63,Catherine Gordon,johnfigueroa@example.net,2024-02-06
64,Daniel Stanton,melissa93@example.com,2023-03-24
65,Melinda Ballard,candrews@example.com,2024-01-23
66,Mary Merritt,lhubbard@example.com,2024-11-08
67,Lauren Mcdowell,xfisher@example.com,2024-01-17
68,Angela Drake,smithronald@example.com,2023-10-14
69,Brenda Watts,padillasandra@example.net,2022-10-05
70,David Foley,fletcherstacy@example.com,2025-04-06
71,Richard Ruiz,dparker@example.org,2022-11-14
72,Gerald Gonzales,nhall@example.com,2024-04-26
73,Matthew Ramirez,ccoleman@example.com,2024-12-29
74,Ann Lee,thompsonluis@example.com,2023-04-13
75,Robert Miller,christopher37@example.org,2025-01-22
76,Lisa Castillo,cameronhaynes@example.com,2023-09-04
77,Mary Hill,lauracook@example.com,2024-01-28
78,Wayne Hernandez,holly52@example.net,2024-10-23
79,Joanna Potter,john30@example.org,2024-12-07
80,Harry Erickson,veronica06@example.org,2024-11-11
81,David Williams,nmoody@example.com,2024-02-28
82,Mike Garcia,wtaylor@example.org,2025-03-13
83,Tyler Burns,shawnhansen@example.org,2024-07-16
84,Denise Sparks,james21@example.com,2023-05-09
85,Stephanie Barnes,ronald88@example.com,2023-09-12
86,Michelle Richards,johnsonmichael@example.com,2025-02-05
87,Todd Gallagher,dominguezjoseph@example.com,2023-03-02
88,Andrew Boyle,smithvalerie@example.org,2023-02-23
89,Kristin Hunter,nicholsmichael@example.net,2023-01-09
90,Michelle Gonzalez,bakerdanielle@example.com,2022-11-23
91,Caitlin Morton,joanne83@example.net,2024-05-06
92,Jerome Hunt,hartroger@example.org,2023-07-19
93,Lisa Strong,russell69@example.com,2022-10-14
94,Andrew Lang,ryansexton@example.com,2023-08-31
95,Beth Dennis,daviskatherine@example.net,2023-05-29
96,Terry Johnson,pshaw@example.com,2023-11-12
97,Yvonne Dyer,perrynicole@example.net,2024-02-15
98,Crystal Murphy,nburnett@example.net,2023-05-26
99,David Pierce,aaron66@example.org,2024-02-25
100,Karen Figueroa,scox@example.com,2022-06-09
101,Thomas Vargas,tyler50@example.com,2023-11-30
102,Cameron Barton,claykaren@example.com,2023-12-21
103,Morgan Calhoun,shawncruz@example.org,2024-02-03
104,Lauren Williams,jeremyhayes@example.org,2023-03-16
105,Teresa Chambers,bsummers@example.org,2025-01-08
106,Anthony Butler,vsullivan@example.net,2024-10-29
107,Victoria Hughes,matthewwilliams@example.org,2025-05-30
108,Todd Mathews,forbesgerald@example.org,2025-04-26
109,Laura House,myerstodd@example.org,2025-02-10
110,Scott Guzman,bryan49@example.com,2024-08-18
111,Stephen Williams,nwilliams@example.net,2024-10-19
112,Mary Hogan,hcarter@example.com,2024-04-08
113,Joel Bishop,davidhobbs@example.org,2024-10-22
114,David Douglas,frogers@example.org,2022-11-08
115,Connor Rocha,laurawebb@example.net,2023-10-29
116,Jennifer Freeman,adam93@example.org,2024-09-21
117,Barbara Miller DDS,zamorajeremy@example.net,2022-07-29
118,James Robbins,hespinoza@example.org,2022-08-24
119,Steven Allen,warrenjason@example.com,2023-08-10
120,Tina Wilson,masoncuevas@example.org,2025-03-08
121,Shannon Ward,stewarttonya@example.com,2024-10-15
122,Janice Perez,msteele@example.net,2023-08-16
123,Jennifer Benton,donald01@example.org,2022-06-08
124,Ryan Garcia,jessica86@example.com,2024-09-04
125,Thomas Clark,madisonobrien@example.net,2022-08-24
126,Connor Townsend,krichards@example.org,2023-04-21
127,Ashley Black,benjamin42@example.org,2023-10-18
128,Victoria Williams,asullivan@example.org,2023-08-23
129,Christopher Nelson,fgalvan@example.org,2024-10-02
130,James Fleming,brettweber@example.com,2023-01-16
131,Christopher Harmon,justinwilson@example.net,2024-10-07
132,Todd Thomas,zlucero@example.net,2022-12-02
133,Daniel Miller,natalie10@example.com,2024-09-07
134,Matthew Mason,lindsayrivera@example.org,2024-10-28
135,Mark Charles,brucedelacruz@example.org,2023-07-02
136,Benjamin Hale,gdominguez@example.org,2024-01-09
137,Andrea Roberts,patriciamyers@example.com,2022-11-09
138,Misty Rosales,kharris@example.org,2023-07-21
139,Jason Alvarez,bradley98@example.org,2022-06-22
140,Alisha Parks,zadams@example.net,2024-12-01
141,Ms. Victoria Schroeder,sarawall@example.org,2024-04-13
142,Mario Morgan,waltersmichael@example.org,2023-05-15
143,Tammy Zimmerman,diana45@example.net,2023-03-19
144,Eileen Petersen,justin58@example.org,2024-01-25
145,Paul Williamson,yhunter@example.net,2024-01-20
146,Carl Jackson,sschneider@example.org,2023-05-24
147,Rachel Dixon,quinnjulia@example.com,2025-02-28
148,Brian Morrison,ishaffer@example.com,2022-11-23
149,Lisa Francis,andersonbrian@example.org,2022-08-08
150,Christopher Ward,crystallopez@example.org,2023-06-10
151,Anna Wood,jamesgentry@example.com,2022-07-13
152,Gerald Martinez,ydavis@example.net,2025-02-02
153,James Christian,adamsashley@example.com,2023-12-19
154,Pamela Castillo,dunnkimberly@example.org,2024-07-18
155,Andrea Johnston,brennanmichael@example.com,2023-09-04
156,Natalie Martinez,jennifersmith@example.net,2023-10-04
157,Jeffrey Peters,samanthasharp@example.org,2023-06-09
158,Rodney Baker,ldavis@example.com,2023-08-06
159,Crystal Anderson,smcclure@example.org,2024-09-04
160,Valerie Douglas,roy14@example.net,2024-06-12
161,Blake Jones,pkelley@example.com,2023-08-03
162,Ronald Williams,jennifer20@example.net,2025-05-23
163,Anne Hammond,alewis@example.org,2024-08-08
164,Jessica Montes,anelson@example.com,2022-10-04
165,Mark James,danny58@example.com,2024-12-26
166,Brandi Walton,keith06@example.net,2022-08-26
167,Sarah Gordon,hebertkimberly@example.net,2022-11-01
168,Mackenzie Fox,richard71@example.com,2023-07-15
169,Jasmine Johnson,kayleemoses@example.org,2024-04-26
170,James Hammond,john95@example.net,2024-03-10
171,Corey Kim,emily98@example.net,2022-06-11
172,Joshua Moreno,cherylnicholson@example.org,2022-10-16
173,Jeffrey Soto,catherineharrison@example.net,2022-08-21
174,Nancy Farmer,xbrown@example.org,2023-07-21
175,Bethany Quinn,ojohns@example.net,2023-12-05
176,Tamara Brock,jharris@example.net,2024-05-17
177,Jessica Watson,osilva@example.org,2025-05-03
178,Melissa Valdez,erinblake@example.net,2025-01-12
179,Tom Bennett,manningbrenda@example.org,2025-01-11
180,Calvin Owen,mariahalexander@example.org,2024-12-23
181,Timothy Daniels,bellallison@example.org,2024-03-03
182,Michelle Burgess,williamsmallory@example.net,2022-10-29
183,Jasmine Rios,richmondolivia@example.com,2024-03-19
184,Sarah Hill,ntran@example.com,2022-11-18
185,Dominic Johnson,seth28@example.org,2024-10-14
186,Victoria Murphy,dunnkimberly@example.com,2023-03-04
187,Rachel Kelley,matthew96@example.net,2023-01-10
188,Julia Owens,daniel81@example.com,2023-03-27
189,Kirsten Anderson,paul11@example.org,2023-05-13
190,Terri Manning,davidvalencia@example.com,2023-01-24
191,Sarah Rosales,karenmaldonado@example.net,2024-08-25
192,Ronald Caldwell,carloskaiser@example.com,2023-08-23
193,Christina Cook,kscott@example.com,2022-11-17
194,Dorothy Gomez,kellywilson@example.org,2023-06-23
195,Brandon Berger,nicholastran@example.com,2022-09-27
196,Timothy Burns,reeddaniel@example.net,2024-04-09
197,Heidi Dougherty,thorton@example.com,2024-02-14
198,Jesus Hampton,justin77@example.com,2025-03-28
199,Jason Martinez,pamelamorgan@example.net,2022-10-16
200,James Patel,owalls@example.net,2025-02-25
201,Erica Jackson,changkristina@example.net,2024-09-22
202,Michael Bernard,alvaradobrittany@example.com,2023-11-10
203,Zachary Wang,acampbell@example.net,2025-03-18
204,Samuel Gilbert,garciakyle@example.com,2024-07-29
205,Mrs. Natasha Walker,anthonyjordan@example.org,2023-11-22
206,David Smith,matthew22@example.org,2024-07-31
207,Dylan Stephens,ewright@example.net,2024-09-12
208,Jacob Torres,hwilliams@example.net,2023-02-17
209,Roberto Carr,qhoward@example.net,2025-05-31
210,James Stewart,kimberlywade@example.net,2023-06-09
211,Katherine Nelson,brian66@example.com,2023-02-24
212,Christopher Cook,joseph07@example.net,2023-05-18
213,Samantha Jones,amy68@example.com,2024-07-15
214,Mary Ortiz,carlybradshaw@example.net,2022-08-25
215,William Weiss,michelleharrison@example.net,2023-07-18
216,Sarah House,ricky25@example.com,2024-02-29
217,Christine Heath,lisaharris@example.net,2025-02-04
218,Kurt Henry,iknight@example.net,2024-01-28
219,David Hickman,martintodd@example.org,2024-03-04
220,Brandy David,robert01@example.net,2022-06-24
221,Destiny Richards,xroberts@example.net,2023-08-29
222,Douglas Erickson,david34@example.com,2023-04-30
223,Alex Trujillo,randall80@example.org,2023-02-24
224,Sylvia Anderson,zjames@example.com,2024-04-02
225,Allison Beck,frydarrell@example.net,2022-12-23
226,Timothy Bowman,bowenmatthew@example.com,2024-07-29
227,Adrienne Johnson,ernest98@example.net,2025-01-26
228,Shannon Gallagher,robinsonkathryn@example.net,2025-01-24
229,Linda Nguyen,garrettbernard@example.net,2024-12-25
230,Crystal Maxwell,kyleodonnell@example.com,2023-06-26
231,Amy Patel,andrew31@example.org,2025-03-20
232,Matthew Stuart,calebfrank@example.com,2023-06-02
233,Rebecca Carlson,smoran@example.com,2023-08-18
234,Kenneth Flowers,zthompson@example.org,2023-05-27
235,Savannah Rivers,lucascarolyn@example.org,2025-02-01
236,Natasha Burgess,bwilson@example.com,2023-07-30
237,Jodi Vargas,tina12@example.com,2023-02-11
238,Regina Shaffer,portega@example.com,2023-04-26
239,Lauren Smith,brandon25@example.net,2023-02-24
240,Paul Alexander,njohnson@example.com,2023-02-03
241,Mason Evans,weaverdavid@example.net,2022-06-06
242,Chloe Li PhD,jmullins@example.com,2023-04-03
243,William Hamilton,walter52@example.net,2023-03-04
244,Daniel Benson,griffinkevin@example.com,2024-05-17
245,Thomas Garner,marthafrazier@example.com,2024-02-07
246,Joe Stewart,welchangela@example.org,2024-07-13
247,Michelle Cisneros,christophertyler@example.com,2023-07-14
248,Patrick Hart,kellyhaley@example.org,2022-11-30
249,Matthew Randall,gordonwalter@example.net,2022-08-10
250,Felicia Mccoy,watkinsjose@example.org,2025-02-21
251,Matthew Phillips,gbauer@example.com,2023-09-22
252,Jennifer Hernandez,morganwilliams@example.net,2023-04-26
253,Julia Newton,bradleyhernandez@example.net,2024-01-20
254,Miranda Smith,travissherman@example.com,2024-04-23
255,Colleen Parker,hrodriguez@example.com,2023-05-26
256,Carlos Gibbs,anthony81@example.com,2023-12-08
257,Terry Herrera,rosemack@example.org,2022-08-17
258,James Taylor,susan60@example.net,2022-08-02
259,Brooke Gomez,alejandrobray@example.org,2023-06-01
260,Yvette Frost,john75@example.com,2023-08-27
261,Rachel Valentine,sandramason@example.org,2024-02-20
262,Cody Hunt MD,tamara25@example.com,2024-02-11
263,Sabrina Kennedy,evelyn09@example.org,2025-05-03
264,Jamie Nichols,brendaedwards@example.com,2023-04-06
265,Jacqueline Jackson,vhahn@example.net,2025-04-04
266,Natalie Booth,kimberlyclark@example.net,2023-10-08
267,Louis Bullock,ymcgee@example.net,2024-01-07
268,Regina Lowe,martinezlisa@example.org,2023-11-30
269,John Morris,jennifer06@example.org,2022-07-02
270,Lisa Ray,robinyoung@example.org,2023-07-21
271,Laura Morgan,tapiamariah@example.net,2023-09-26
272,Christy Adkins,catherine11@example.com,2025-01-16
273,Michelle Serrano,natalie86@example.org,2022-09-17
274,Nathan Giles,smithstephanie@example.com,2022-09-28
275,Cynthia York,stevenschmidt@example.net,2023-03-23
276,Bryce Gibson,watsondaniel@example.net,2022-12-22
277,Curtis Leblanc,andrewbarker@example.com,2023-11-29
278,Karen Rodriguez,ellismichael@example.org,2023-10-31
279,Gabriel Richardson,ryandunn@example.net,2022-10-10
280,Arthur Dougherty,jennifer05@example.org,2024-05-24
281,David Hardy,stacey17@example.org,2024-12-08
282,Carolyn Rice,ubush@example.net,2025-04-20
283,Phillip Garcia,karen39@example.org,2022-07-18
284,Judith Sweeney,benjamin90@example.org,2024-06-19
285,Colleen Johnson,michael06@example.org,2023-08-09
286,James Morris,achen@example.com,2024-10-27
287,Dwayne Johnson,gardnerricardo@example.com,2024-07-13
288,Darren Contreras,wmiller@example.com,2022-11-10
289,Robert Brooks,penny60@example.org,2024-07-29
290,Luis Dominguez,jennifer25@example.org,2024-07-07
291,Patrick Wilson,justin67@example.org,2023-10-29
292,Michael Ellis,ipennington@example.net,2024-05-07
293,Christopher Fleming,kaylabaker@example.org,2024-05-15
294,Mr. Matthew Thompson,donnareyes@example.org,2025-02-12
295,Aaron Solis,davisamanda@example.org,2024-02-25
296,Kathleen Snyder,linda83@example.com,2024-10-27
297,James Leonard,jackgutierrez@example.net,2025-05-23
298,Jacob Vargas,kyleraymond@example.org,2024-09-19
299,Matthew Johnson,xbrooks@example.com,2023-02-21
300,David Arellano,burnslisa@example.org,2023-07-22
301,April Black,gmiranda@example.org,2024-07-22
302,Marvin Boyd,thomas50@example.net,2025-04-23
303,Troy Walsh PhD,paige84@example.org,2022-09-19
304,Kim Guzman,joanna39@example.org,2025-01-24
305,Wendy Rogers,welchcindy@example.org,2025-04-22
306,Jimmy Boyd,kellyamanda@example.net,2023-10-16
307,Kimberly Collins,anthonyalexander@example.com,2024-07-25
308,Barbara West,bullockapril@example.com,2024-08-15
309,Jordan Colon,charlene90@example.com,2023-03-17
310,Dr. Scott Andrews,phillipdecker@example.net,2022-07-20
311,Gary Wright,stran@example.org,2023-04-10
312,Jenna Nelson,margaret29@example.org,2024-08-24
313,Jeffrey Johnson,tammyjohnson@example.com,2022-07-28
314,Tiffany Wilson,juarezamy@example.com,2025-03-06
315,Cindy Daniel,xelliott@example.net,2022-11-11
316,Chad Pena,williamsamanda@example.net,2022-07-20
317,Kyle Johnson,ariel18@example.org,2024-03-03
318,Joshua Anderson,pittsshane@example.com,2023-11-20
319,Kristin Grant,khurley@example.net,2022-12-23
320,Kelly Robertson,stacyrussell@example.net,2024-04-14
321,Brad Powell,stephaniesanford@example.org,2022-11-22
322,Christopher Bell,alisha01@example.org,2024-06-07
323,Adrian Bird,zachary02@example.org,2024-05-30
324,Justin Smith,joel74@example.com,2025-05-28
325,Paula Sawyer,vhernandez@example.net,2023-10-28
326,Michael Mccoy,oford@example.net,2024-04-09
327,Diana Morris,tgutierrez@example.com,2023-12-30
328,Mr. William Brady MD,cmcknight@example.org,2023-12-10
329,Mackenzie Bishop,hlam@example.net,2024-01-22
330,Ashley Schneider,halljaime@example.org,2024-04-13
331,Paul Stephens,gatesellen@example.com,2022-09-09
332,James Mcknight,loriclark@example.net,2023-08-07
333,Ryan Mcneil,katherinedavis@example.net,2023-09-03
334,Kyle Barker,sduran@example.net,2023-11-08
335,Angel Riddle,cgallagher@example.net,2022-09-04
336,Tyler Morrow,ghenry@example.net,2025-03-17
337,Robert Hudson,zvazquez@example.net,2024-09-01
338,Jesse Kemp,icolon@example.com,2023-02-16
339,Paula Stewart,amitchell@example.org,2025-05-23
340,Rachael White,tylermathis@example.net,2024-06-04
341,Shane Garcia,michellethompson@example.com,2023-02-19
342,Daniel King,chamberscrystal@example.org,2022-09-21
343,Terry Smith,amy27@example.com,2023-01-04
344,Cynthia Fowler,twarren@example.org,2022-06-11
345,Tara Davenport,oayala@example.com,2023-09-24
346,Alicia Chan,caitlin61@example.net,2024-12-07
347,Austin Lee,portermorgan@example.com,2022-08-07
348,Jeremy Willis,johnhammond@example.com,2025-02-26
349,Megan Page,williamsjacob@example.net,2025-01-19
350,Kevin Parker,michael73@example.org,2024-01-12
351,Brianna Harris,carterpeter@example.org,2024-07-24
352,Ricardo Palmer,mcdonalderic@example.com,2024-02-04
353,Christina Thompson,colejeremy@example.com,2024-07-15
354,Dillon Walsh,cdavis@example.org,2022-11-27
355,Angela Gibson,tommyjames@example.com,2023-07-04
356,Samantha Perez,whitecarla@example.net,2024-12-19
357,David Henson,fbenson@example.com,2023-09-27
358,Jason White,imurphy@example.com,2024-09-06
359,Stephen Brown,combsdavid@example.net,2023-08-07
360,Matthew Nguyen,thomas72@example.org,2022-06-09
361,Stephen Russell,xgray@example.org,2023-04-16
362,Timothy Taylor,tsummers@example.com,2025-04-04
363,Dr. Luke Nguyen,sharonrose@example.com,2024-11-24
364,Dawn Gonzalez,nmendoza@example.com,2022-08-22
365,Joanne Williams,griffithcarl@example.net,2024-08-02
366,Robin Berger,phillipferguson@example.com,2025-03-20
367,Joseph Chapman,michael23@example.org,2023-03-27
368,Scott Lee,kellyhobbs@example.org,2022-12-26
369,Stephanie Diaz,hoffmanchristina@example.org,2024-05-02
370,Amber Medina,perezrandy@example.org,2025-04-02
371,Kimberly Wright,smithkelly@example.net,2022-06-08
372,Regina Williams,nicole75@example.org,2023-08-31
373,Corey Smith,danielle59@example.com,2022-11-20
374,John Kelly,ggonzales@example.com,2024-01-20
375,Amanda Taylor,melissa62@example.org,2025-05-20
376,Tammy Sampson,michael96@example.org,2024-03-11
377,David Jones,christine33@example.com,2024-11-02
378,Debra Graham,asharp@example.com,2023-01-22
379,Thomas Rogers,melody64@example.org,2025-05-16
380,Linda Strickland,qwilliams@example.org,2023-03-12
381,Laura Hubbard,rowlandkevin@example.net,2025-02-18
382,Mr. John James,patrickpennington@example.net,2023-02-10
383,Ana Welch,stephaniecook@example.org,2025-01-10
384,John Gutierrez,morrisnancy@example.com,2022-07-21
385,Justin Fitzgerald,henry85@example.org,2022-10-27
386,Antonio Patterson,ashleyhill@example.net,2024-11-13
387,Michael Long,thomas26@example.com,2025-01-31
388,Eric Parker,trujillodanny@example.org,2024-09-17
389,Melissa Paul,hawkinsjoseph@example.com,2023-06-25
390,Brittany Holmes,lawsonkevin@example.net,2023-04-13
391,Bianca Joseph,lauramartinez@example.com,2024-06-10
392,Jennifer Green,emartinez@example.net,2023-08-27
393,Howard Freeman,priceisaac@example.org,2025-02-02
394,Lisa Oliver,robert86@example.org,2024-03-15
395,Elizabeth Powell,wheelergavin@example.net,2023-01-22
396,Douglas Brown,smithjennifer@example.com,2024-12-23
397,John Hart,ashleybrandt@example.org,2022-09-19
398,Joseph Stewart,jacksongeorge@example.net,2025-03-23
399,Brian Cook,robertslori@example.com,2024-02-29
400,Sandra Bennett,aellison@example.org,2024-07-31
401,Christopher Foster,aandrews@example.org,2024-09-10
402,Hannah Ford,ojuarez@example.net,2024-11-11
403,Victor Bruce,nicholaslyons@example.org,2024-10-30
404,Whitney Arellano,andrew24@example.org,2024-05-31
405,Brandy Lyons,jamestownsend@example.com,2024-05-07
406,Heather Garcia,cosborne@example.net,2022-11-09
407,Michael Gordon,hollandheather@example.org,2022-06-20
408,Malik Goodwin,ysmith@example.net,2025-03-21
409,John Cuevas,mckenziepark@example.net,2024-06-02
410,Karina Lucas,coopermichael@example.org,2024-07-20
411,Jennifer Harrell,kiara71@example.com,2022-12-28
412,Stephen Campbell,wjennings@example.net,2025-02-05
413,Rachel Swanson,sydney84@example.net,2025-04-12
414,Gregory Cross,parksoscar@example.com,2023-06-27
415,Christine Schneider,jennifer43@example.net,2022-07-02
416,Benjamin Mccullough,elizabethryan@example.org,2024-03-19
417,Jeffrey Kent,edward94@example.net,2025-05-02
418,Karen Stewart,xflynn@example.net,2022-07-31
419,David Mitchell,david68@example.com,2022-09-05
420,Nina Rogers,robertolson@example.net,2024-06-16
421,Kimberly Phillips,griffinjeffrey@example.net,2024-01-19
422,Scott Stuart,ymcdonald@example.net,2023-10-24
423,Paul Cox,taylorjoseph@example.com,2025-03-21
424,Angela Mills,mcdonaldkaren@example.com,2024-01-16
425,Tanya Graham,fwalsh@example.com,2023-08-23
426,Patrick Case,craigscott@example.org,2024-04-02
427,Sabrina Moreno,williamsandrew@example.org,2025-04-28
428,Wendy Guzman,davidfreeman@example.net,2025-01-14
429,Kristin Barnes,wallsroy@example.com,2023-04-24
430,Jonathan Monroe,victorprice@example.com,2025-01-05
431,Kyle Cuevas,lindakidd@example.net,2022-11-27
432,Deborah Foster,ucarter@example.net,2025-01-11
433,Michelle Palmer,whitesarah@example.net,2024-02-15
434,Michael Zamora,florespatricia@example.org,2022-07-02
435,Kelly Rivera,andrew24@example.com,2023-06-04
436,Juan Rodgers,fosterheather@example.com,2022-10-10
437,Mark Hughes,zphillips@example.com,2022-11-30
438,Tara Fitzpatrick,rita29@example.com,2025-04-24
439,Alison Collins,normanandrew@example.com,2024-06-16
440,Paul Hensley,georgetran@example.com,2022-11-14
441,Craig Larson,turnerkatelyn@example.org,2023-09-05
442,Julie Brown,kristinhall@example.net,2022-07-24
443,Adam Hall,jhernandez@example.com,2022-09-25
444,Alison Sharp,dshelton@example.org,2024-02-08
445,Michael Powell,lindamorris@example.org,2022-09-10
446,Teresa Bailey,candacecollins@example.net,2025-05-31
447,Mark Webb,kimhall@example.org,2023-05-14
448,Martin Mcintyre,dyerstephen@example.com,2024-12-12
449,Sabrina Hunter,petersonmichaela@example.net,2025-06-01
450,Courtney Jackson,pattersonpamela@example.com,2025-03-27
451,Monica Jacobs,sarah27@example.com,2023-01-19
452,Ashley Obrien,savannahtapia@example.org,2023-07-04
453,Juan Davis,richard13@example.org,2025-03-06
454,Andrew Smith,michellegreen@example.net,2022-11-13
455,Andrea Tucker,masonsara@example.com,2022-09-27
456,Jamie Gonzalez,denisedavis@example.net,2023-09-10
457,Eileen Salazar,meredith84@example.net,2023-04-11
458,Amanda Lloyd,carolgates@example.net,2022-10-25
459,Elizabeth Carpenter,anthonyflores@example.org,2023-08-01
460,Tommy Baldwin,jo16@example.com,2024-02-26
461,Alexandra Anderson,bradleystewart@example.com,2023-12-09
462,Philip Bailey,ryancampbell@example.org,2024-04-30
463,Lindsay Waters PhD,astewart@example.net,2024-03-08
464,Matthew Small,christinapena@example.net,2024-05-21
465,Eric Russell,ronniegutierrez@example.org,2022-09-05
466,Steven Collins,elijahwashington@example.net,2023-04-18
467,Caitlin Mullen,wnorton@example.com,2024-02-11
468,Steven Hill,heathmarcus@example.org,2024-11-26
469,Troy Foster,jeremiah98@example.com,2024-11-16
470,Deanna Hansen,oweber@example.net,2025-02-24
471,Ryan Alvarez,courtneysalas@example.com,2023-11-18
472,Ronald Rush,masonjonathan@example.com,2022-10-21
473,Jeremiah Moore PhD,bmartinez@example.org,2022-12-05
474,Lisa Carr,thomaschristina@example.net,2023-03-19
475,Mackenzie White,jerickson@example.org,2023-03-25
476,Terry Pham,brandonwatson@example.com,2024-12-29
477,Leslie Fisher,kyleponce@example.com,2024-01-25
478,Pamela Cook,cassandra54@example.com,2024-07-30
479,Andrea Thompson,chloe86@example.net,2022-08-06
480,Gregory Meyer,anthony33@example.net,2022-06-05
481,Dawn Gonzalez,powelltamara@example.org,2024-09-01
482,Robert Smith,laura00@example.net,2023-12-19
483,Joshua Bryan,ashley97@example.org,2024-05-21
484,Jacqueline Delgado,gsharp@example.net,2024-07-07
485,Blake Hardy,eric35@example.org,2024-12-02
486,Mark Castaneda,pinedasusan@example.com,2023-12-28
487,Jose Fisher,xdean@example.net,2022-11-25
488,Michelle Potter,sdiaz@example.net,2024-12-14
489,James Simmons,jeremiahking@example.net,2024-01-18
490,Austin Gray,james25@example.net,2023-07-08
491,Christopher Reed,jacqueline40@example.org,2022-10-06
492,Brittany Osborne,stevenwhite@example.com,2023-12-27
493,Stephanie Delgado,michaela73@example.com,2023-05-30
494,Christopher Duran,julianshepard@example.com,2025-05-08
495,Louis Adams,leonardlarson@example.com,2023-10-08
496,Nancy Gonzales,morrisonjessica@example.net,2023-07-22
497,Jacob White,william43@example.org,2024-06-26
498,William Lynch,franklintami@example.com,2024-05-06
499,Charles Pratt,ashley06@example.org,2022-07-08
500,Eric Hall,kristin29@example.net,2023-04-02
